START_ID,END_ID,conferenceChair,reviewPolicy
b55b50b1-aae7-47a7-b042-8aecc930073d,31927890,Debbie Franklin,4
b55b50b1-aae7-47a7-b042-8aecc930073d,4764355,Debbie Franklin,4
b55b50b1-aae7-47a7-b042-8aecc930073d,26340266,Debbie Franklin,4
b55b50b1-aae7-47a7-b042-8aecc930073d,2053062532,Debbie Franklin,4
a36dc29e-4ea1-4567-b0fe-1c06daf8bee8,3479735,Randall Molina,5
a36dc29e-4ea1-4567-b0fe-1c06daf8bee8,145440656,Randall Molina,5
a36dc29e-4ea1-4567-b0fe-1c06daf8bee8,2297068,Randall Molina,5
a36dc29e-4ea1-4567-b0fe-1c06daf8bee8,2865389,Randall Molina,5
a36dc29e-4ea1-4567-b0fe-1c06daf8bee8,1709674,Randall Molina,5
b55b50b1-aae7-47a7-b042-8aecc930073d,32915090,Glenn Lambert,5
b55b50b1-aae7-47a7-b042-8aecc930073d,2064350009,Glenn Lambert,5
b55b50b1-aae7-47a7-b042-8aecc930073d,2071819069,Glenn Lambert,5
b55b50b1-aae7-47a7-b042-8aecc930073d,48004138,Glenn Lambert,5
b55b50b1-aae7-47a7-b042-8aecc930073d,2346692,Glenn Lambert,5
528ced1f-e949-4e1a-8fee-2ffbf0be551d,-2147483648,Eric Parsons,5
528ced1f-e949-4e1a-8fee-2ffbf0be551d,2966951,Eric Parsons,5
528ced1f-e949-4e1a-8fee-2ffbf0be551d,3242590,Eric Parsons,5
528ced1f-e949-4e1a-8fee-2ffbf0be551d,1955932190,Eric Parsons,5
528ced1f-e949-4e1a-8fee-2ffbf0be551d,48888354,Eric Parsons,5
b55b50b1-aae7-47a7-b042-8aecc930073d,2830194,Amy Cummings MD,3
b55b50b1-aae7-47a7-b042-8aecc930073d,2128923813,Amy Cummings MD,3
b55b50b1-aae7-47a7-b042-8aecc930073d,2315950,Amy Cummings MD,3
528ced1f-e949-4e1a-8fee-2ffbf0be551d,1753210,Caleb Luna,3
528ced1f-e949-4e1a-8fee-2ffbf0be551d,2060655766,Caleb Luna,3
528ced1f-e949-4e1a-8fee-2ffbf0be551d,1980031,Caleb Luna,3
2c9ecac6-f875-4a9b-acc2-10bd9f6782df,2398158,Jeanette Washington,5
2c9ecac6-f875-4a9b-acc2-10bd9f6782df,49702692,Jeanette Washington,5
2c9ecac6-f875-4a9b-acc2-10bd9f6782df,2427813,Jeanette Washington,5
2c9ecac6-f875-4a9b-acc2-10bd9f6782df,48592354,Jeanette Washington,5
2c9ecac6-f875-4a9b-acc2-10bd9f6782df,2103851,Jeanette Washington,5
c85dfc25-bcef-4719-9997-f41ad334d998,34243620,Steven Kim,3
c85dfc25-bcef-4719-9997-f41ad334d998,1968560,Steven Kim,3
c85dfc25-bcef-4719-9997-f41ad334d998,2036336,Steven Kim,3
4a8bbf74-8b02-49b1-ad58-836790bbc79f,1413991996,Julie Wood,3
4a8bbf74-8b02-49b1-ad58-836790bbc79f,1696163,Julie Wood,3
4a8bbf74-8b02-49b1-ad58-836790bbc79f,145291669,Julie Wood,3
1ec5a55c-414e-4f79-b7dc-48e1dba3618e,47874999,Reginald Vincent,3
1ec5a55c-414e-4f79-b7dc-48e1dba3618e,70035060,Reginald Vincent,3
1ec5a55c-414e-4f79-b7dc-48e1dba3618e,2107517217,Reginald Vincent,3
66c268f7-ba60-443f-919d-e2c297910401,34185195,Jose Larsen,3
66c268f7-ba60-443f-919d-e2c297910401,40009975,Jose Larsen,3
66c268f7-ba60-443f-919d-e2c297910401,3534315,Jose Larsen,3
e27c1a12-37ca-4b72-bb77-352a151f78e9,2069668754,Todd Mcdonald,3
e27c1a12-37ca-4b72-bb77-352a151f78e9,49569220,Todd Mcdonald,3
e27c1a12-37ca-4b72-bb77-352a151f78e9,48958834,Todd Mcdonald,3
74f47cf8-2839-4a56-959a-524dd0ed9e3e,2053062532,April Mooney,3
74f47cf8-2839-4a56-959a-524dd0ed9e3e,1491641853,April Mooney,3
74f47cf8-2839-4a56-959a-524dd0ed9e3e,-2147483648,April Mooney,3
764e3630-ddac-4c21-af4b-9d32ffef082e,1756344,Lisa Mcgee,3
764e3630-ddac-4c21-af4b-9d32ffef082e,-2147483648,Lisa Mcgee,3
764e3630-ddac-4c21-af4b-9d32ffef082e,1809085,Lisa Mcgee,3
764e3630-ddac-4c21-af4b-9d32ffef082e,121011351,Mary Powell,5
764e3630-ddac-4c21-af4b-9d32ffef082e,2315950,Mary Powell,5
764e3630-ddac-4c21-af4b-9d32ffef082e,7510588,Mary Powell,5
764e3630-ddac-4c21-af4b-9d32ffef082e,2144613377,Mary Powell,5
764e3630-ddac-4c21-af4b-9d32ffef082e,1404984281,Mary Powell,5
bf4a4b0f-eb61-4109-82ca-5fdd5c2d357f,143975298,Ashley Mills,5
bf4a4b0f-eb61-4109-82ca-5fdd5c2d357f,1404856444,Ashley Mills,5
bf4a4b0f-eb61-4109-82ca-5fdd5c2d357f,1696163,Ashley Mills,5
bf4a4b0f-eb61-4109-82ca-5fdd5c2d357f,1949898,Ashley Mills,5
bf4a4b0f-eb61-4109-82ca-5fdd5c2d357f,3141411,Ashley Mills,5
c9e16b3c-2fdf-4b4c-82bf-5cdf3d3435b7,115740923,Kimberly Boone,3
c9e16b3c-2fdf-4b4c-82bf-5cdf3d3435b7,145470411,Kimberly Boone,3
c9e16b3c-2fdf-4b4c-82bf-5cdf3d3435b7,51025128,Kimberly Boone,3
7b344f25-64fc-416b-901d-07808b4e798f,2848948,Angela Kemp,4
7b344f25-64fc-416b-901d-07808b4e798f,144152606,Angela Kemp,4
7b344f25-64fc-416b-901d-07808b4e798f,1747102,Angela Kemp,4
7b344f25-64fc-416b-901d-07808b4e798f,2057634,Angela Kemp,4
9c119da6-ab17-4403-854e-786882dbf352,35603595,Jennifer Fisher,4
9c119da6-ab17-4403-854e-786882dbf352,1753253,Jennifer Fisher,4
9c119da6-ab17-4403-854e-786882dbf352,2111098362,Jennifer Fisher,4
9c119da6-ab17-4403-854e-786882dbf352,2165530,Jennifer Fisher,4
640b2c9a-6fb2-4333-8780-d31aa3c411cf,-2147483648,Angelica Wilson,4
640b2c9a-6fb2-4333-8780-d31aa3c411cf,48004138,Angelica Wilson,4
640b2c9a-6fb2-4333-8780-d31aa3c411cf,3011137,Angelica Wilson,4
640b2c9a-6fb2-4333-8780-d31aa3c411cf,1490485491,Angelica Wilson,4
d8b9da69-2726-4c77-bdf7-9e96f58c67b2,51997673,Jon Chang,4
d8b9da69-2726-4c77-bdf7-9e96f58c67b2,145061660,Jon Chang,4
d8b9da69-2726-4c77-bdf7-9e96f58c67b2,34420171,Jon Chang,4
d8b9da69-2726-4c77-bdf7-9e96f58c67b2,39168440,Jon Chang,4
3ed98179-bff8-4560-bcf0-7b4171195aa4,49186479,Michelle Thomas,4
3ed98179-bff8-4560-bcf0-7b4171195aa4,26340266,Michelle Thomas,4
3ed98179-bff8-4560-bcf0-7b4171195aa4,3422908,Michelle Thomas,4
3ed98179-bff8-4560-bcf0-7b4171195aa4,2109961337,Michelle Thomas,4
764e3630-ddac-4c21-af4b-9d32ffef082e,41018505,Joseph Gentry,5
764e3630-ddac-4c21-af4b-9d32ffef082e,49688447,Joseph Gentry,5
764e3630-ddac-4c21-af4b-9d32ffef082e,1715207,Joseph Gentry,5
764e3630-ddac-4c21-af4b-9d32ffef082e,90487550,Joseph Gentry,5
764e3630-ddac-4c21-af4b-9d32ffef082e,10750188,Joseph Gentry,5
d80d58be-58fc-4181-a397-5ac6fd976a47,1889237,Peggy Palmer,5
d80d58be-58fc-4181-a397-5ac6fd976a47,3931190,Peggy Palmer,5
d80d58be-58fc-4181-a397-5ac6fd976a47,21845095,Peggy Palmer,5
d80d58be-58fc-4181-a397-5ac6fd976a47,-2147483648,Peggy Palmer,5
d80d58be-58fc-4181-a397-5ac6fd976a47,2056894950,Peggy Palmer,5
d9720b90-d60b-48bc-9df8-87a30b9a60dd,145233583,Michael Randolph,4
d9720b90-d60b-48bc-9df8-87a30b9a60dd,2124778071,Michael Randolph,4
d9720b90-d60b-48bc-9df8-87a30b9a60dd,145720325,Michael Randolph,4
d9720b90-d60b-48bc-9df8-87a30b9a60dd,1624030637,Michael Randolph,4
d9720b90-d60b-48bc-9df8-87a30b9a60dd,-2147483648,Jennifer Estrada,4
d9720b90-d60b-48bc-9df8-87a30b9a60dd,-2147483648,Jennifer Estrada,4
d9720b90-d60b-48bc-9df8-87a30b9a60dd,1414102859,Jennifer Estrada,4
d9720b90-d60b-48bc-9df8-87a30b9a60dd,-2147483648,Jennifer Estrada,4
d9720b90-d60b-48bc-9df8-87a30b9a60dd,7775158,Michelle Alvarez,3
d9720b90-d60b-48bc-9df8-87a30b9a60dd,2765685,Michelle Alvarez,3
d9720b90-d60b-48bc-9df8-87a30b9a60dd,144223091,Michelle Alvarez,3
29b9c461-963e-4d11-b2ab-92c182243942,51396990,Cathy Simmons,4
29b9c461-963e-4d11-b2ab-92c182243942,46888415,Cathy Simmons,4
29b9c461-963e-4d11-b2ab-92c182243942,145396185,Cathy Simmons,4
29b9c461-963e-4d11-b2ab-92c182243942,1406850567,Cathy Simmons,4
87fc9c3c-cc7f-42aa-ba71-2700729a6788,2095762,Dr. Daniel Gonzalez,4
87fc9c3c-cc7f-42aa-ba71-2700729a6788,1406613521,Dr. Daniel Gonzalez,4
87fc9c3c-cc7f-42aa-ba71-2700729a6788,20154699,Dr. Daniel Gonzalez,4
87fc9c3c-cc7f-42aa-ba71-2700729a6788,145406505,Dr. Daniel Gonzalez,4
41bf9ed3-85b3-4c90-b015-150e31690253,1804315,Melissa Johnson,5
41bf9ed3-85b3-4c90-b015-150e31690253,49884811,Melissa Johnson,5
41bf9ed3-85b3-4c90-b015-150e31690253,51403558,Melissa Johnson,5
41bf9ed3-85b3-4c90-b015-150e31690253,9395892,Melissa Johnson,5
41bf9ed3-85b3-4c90-b015-150e31690253,2773476,Melissa Johnson,5
939c6e1d-0d17-4d6e-8a82-66d960df0e40,36248090,Barbara Davis,5
939c6e1d-0d17-4d6e-8a82-66d960df0e40,1737249,Barbara Davis,5
939c6e1d-0d17-4d6e-8a82-66d960df0e40,9695572,Barbara Davis,5
939c6e1d-0d17-4d6e-8a82-66d960df0e40,31927890,Barbara Davis,5
939c6e1d-0d17-4d6e-8a82-66d960df0e40,9110576,Barbara Davis,5
2d0a5631-36a3-47fd-a909-2b08e82bdf02,147069795,Christopher Ortiz,5
2d0a5631-36a3-47fd-a909-2b08e82bdf02,2066277988,Christopher Ortiz,5
2d0a5631-36a3-47fd-a909-2b08e82bdf02,145604360,Christopher Ortiz,5
2d0a5631-36a3-47fd-a909-2b08e82bdf02,145856759,Christopher Ortiz,5
2d0a5631-36a3-47fd-a909-2b08e82bdf02,9057010,Christopher Ortiz,5
939c6e1d-0d17-4d6e-8a82-66d960df0e40,2130382238,Andrew Reed,4
939c6e1d-0d17-4d6e-8a82-66d960df0e40,1684379,Andrew Reed,4
939c6e1d-0d17-4d6e-8a82-66d960df0e40,9215658,Andrew Reed,4
939c6e1d-0d17-4d6e-8a82-66d960df0e40,2030964,Andrew Reed,4
41bf9ed3-85b3-4c90-b015-150e31690253,116246793,Sandra Snyder,4
41bf9ed3-85b3-4c90-b015-150e31690253,2149626,Sandra Snyder,4
41bf9ed3-85b3-4c90-b015-150e31690253,2109845773,Sandra Snyder,4
41bf9ed3-85b3-4c90-b015-150e31690253,1777660,Sandra Snyder,4
167fa0ca-e88a-4ef7-a16f-bc66c457c806,1666420491,Antonio Dillon,4
167fa0ca-e88a-4ef7-a16f-bc66c457c806,3369421,Antonio Dillon,4
167fa0ca-e88a-4ef7-a16f-bc66c457c806,39963433,Antonio Dillon,4
167fa0ca-e88a-4ef7-a16f-bc66c457c806,1402012502,Antonio Dillon,4
63c420a6-4772-4d27-bb54-2b7f2e6635a6,20759913,Phyllis Saunders MD,3
63c420a6-4772-4d27-bb54-2b7f2e6635a6,-2147483648,Phyllis Saunders MD,3
63c420a6-4772-4d27-bb54-2b7f2e6635a6,144042512,Phyllis Saunders MD,3
29b9c461-963e-4d11-b2ab-92c182243942,6845076,Jonathan Santiago,3
29b9c461-963e-4d11-b2ab-92c182243942,1398876428,Jonathan Santiago,3
29b9c461-963e-4d11-b2ab-92c182243942,2725767,Jonathan Santiago,3
3dbf084c-ef47-4b74-9919-047b40704538,2053062532,Amanda Morales,3
3dbf084c-ef47-4b74-9919-047b40704538,1748453,Amanda Morales,3
3dbf084c-ef47-4b74-9919-047b40704538,3456687,Amanda Morales,3
fc0a208c-acb7-47dc-a0d4-af8190e21d29,2104035,Douglas Jackson,5
fc0a208c-acb7-47dc-a0d4-af8190e21d29,7536576,Douglas Jackson,5
fc0a208c-acb7-47dc-a0d4-af8190e21d29,49399380,Douglas Jackson,5
fc0a208c-acb7-47dc-a0d4-af8190e21d29,2729620,Douglas Jackson,5
fc0a208c-acb7-47dc-a0d4-af8190e21d29,1927553,Douglas Jackson,5
3dbf084c-ef47-4b74-9919-047b40704538,144440741,Jesse Mendez,5
3dbf084c-ef47-4b74-9919-047b40704538,34033551,Jesse Mendez,5
3dbf084c-ef47-4b74-9919-047b40704538,2398158,Jesse Mendez,5
3dbf084c-ef47-4b74-9919-047b40704538,49576568,Jesse Mendez,5
3dbf084c-ef47-4b74-9919-047b40704538,6199292,Jesse Mendez,5
768b87bb-8a18-4d9c-a161-4d483c776bcf,2176850,Diane Benson,5
768b87bb-8a18-4d9c-a161-4d483c776bcf,2927870,Diane Benson,5
768b87bb-8a18-4d9c-a161-4d483c776bcf,1401199158,Diane Benson,5
768b87bb-8a18-4d9c-a161-4d483c776bcf,9693046,Diane Benson,5
768b87bb-8a18-4d9c-a161-4d483c776bcf,143805211,Diane Benson,5
d9720b90-d60b-48bc-9df8-87a30b9a60dd,2108689288,Curtis Lutz,3
d9720b90-d60b-48bc-9df8-87a30b9a60dd,1982425,Curtis Lutz,3
d9720b90-d60b-48bc-9df8-87a30b9a60dd,8262839,Curtis Lutz,3
167fa0ca-e88a-4ef7-a16f-bc66c457c806,49955399,Alexandria Jordan,5
167fa0ca-e88a-4ef7-a16f-bc66c457c806,1414102859,Alexandria Jordan,5
167fa0ca-e88a-4ef7-a16f-bc66c457c806,1381269833,Alexandria Jordan,5
167fa0ca-e88a-4ef7-a16f-bc66c457c806,2108473999,Alexandria Jordan,5
167fa0ca-e88a-4ef7-a16f-bc66c457c806,2113858148,Alexandria Jordan,5
a0edb93b-1e95-4128-a295-6b1659149cef,-2147483648,Dominique Webb,5
a0edb93b-1e95-4128-a295-6b1659149cef,5061428,Dominique Webb,5
a0edb93b-1e95-4128-a295-6b1659149cef,3190177,Dominique Webb,5
a0edb93b-1e95-4128-a295-6b1659149cef,1381717153,Dominique Webb,5
a0edb93b-1e95-4128-a295-6b1659149cef,1719934,Dominique Webb,5
c7bde2ee-6ad5-49c7-9498-a01e46c162eb,2474559,Troy Harris,3
c7bde2ee-6ad5-49c7-9498-a01e46c162eb,1886238,Troy Harris,3
c7bde2ee-6ad5-49c7-9498-a01e46c162eb,49398806,Troy Harris,3
3dbf084c-ef47-4b74-9919-047b40704538,152714397,Dr. Christopher Anderson,4
3dbf084c-ef47-4b74-9919-047b40704538,1681824,Dr. Christopher Anderson,4
3dbf084c-ef47-4b74-9919-047b40704538,4324350,Dr. Christopher Anderson,4
3dbf084c-ef47-4b74-9919-047b40704538,145499774,Dr. Christopher Anderson,4
d43f0f26-43c9-4009-a1ed-63624522c166,1782525,Traci Guerra,3
d43f0f26-43c9-4009-a1ed-63624522c166,145486652,Traci Guerra,3
d43f0f26-43c9-4009-a1ed-63624522c166,34806045,Traci Guerra,3
6bf48d72-eba2-4918-b9a0-153280062513,145920814,Rachel Wolfe,3
6bf48d72-eba2-4918-b9a0-153280062513,3604967,Rachel Wolfe,3
6bf48d72-eba2-4918-b9a0-153280062513,4505843,Rachel Wolfe,3
89a946e2-e2c0-440a-8897-3eaaad3ecc54,4376295,Gregory Allen,4
89a946e2-e2c0-440a-8897-3eaaad3ecc54,2077822,Gregory Allen,4
89a946e2-e2c0-440a-8897-3eaaad3ecc54,1394049881,Gregory Allen,4
89a946e2-e2c0-440a-8897-3eaaad3ecc54,49857655,Gregory Allen,4
768b87bb-8a18-4d9c-a161-4d483c776bcf,66716670,Angela Romero,3
768b87bb-8a18-4d9c-a161-4d483c776bcf,35328810,Angela Romero,3
768b87bb-8a18-4d9c-a161-4d483c776bcf,1711320,Angela Romero,3
8cd29583-6084-42c6-b808-97d2f921c885,153750193,Teresa Richards,3
8cd29583-6084-42c6-b808-97d2f921c885,32750186,Teresa Richards,3
8cd29583-6084-42c6-b808-97d2f921c885,4347079,Teresa Richards,3
789de21a-15ba-47d5-b661-3455a9771114,2911364,Michael Hunt,3
789de21a-15ba-47d5-b661-3455a9771114,39041697,Michael Hunt,3
789de21a-15ba-47d5-b661-3455a9771114,3221118,Michael Hunt,3
76c066f7-84b3-469f-a04c-4d2bc8caa3fe,1389995130,Michael Williams,4
76c066f7-84b3-469f-a04c-4d2bc8caa3fe,34561147,Michael Williams,4
76c066f7-84b3-469f-a04c-4d2bc8caa3fe,1753903,Michael Williams,4
76c066f7-84b3-469f-a04c-4d2bc8caa3fe,48966748,Michael Williams,4
79ad93e3-8152-45a5-a97c-d6c327592c09,144012618,Micheal Parrish,4
79ad93e3-8152-45a5-a97c-d6c327592c09,39571582,Micheal Parrish,4
79ad93e3-8152-45a5-a97c-d6c327592c09,2078528337,Micheal Parrish,4
79ad93e3-8152-45a5-a97c-d6c327592c09,49273522,Micheal Parrish,4
768b87bb-8a18-4d9c-a161-4d483c776bcf,50477132,Jose Leach,4
768b87bb-8a18-4d9c-a161-4d483c776bcf,3110179,Jose Leach,4
768b87bb-8a18-4d9c-a161-4d483c776bcf,69878839,Jose Leach,4
768b87bb-8a18-4d9c-a161-4d483c776bcf,12668727,Jose Leach,4
7431ff67-91dc-41fa-b322-1b1ca657025f,144604924,Donna Daniels MD,4
7431ff67-91dc-41fa-b322-1b1ca657025f,144375552,Donna Daniels MD,4
7431ff67-91dc-41fa-b322-1b1ca657025f,1422146744,Donna Daniels MD,4
7431ff67-91dc-41fa-b322-1b1ca657025f,1715741,Donna Daniels MD,4
7654260e-79f9-45c5-9663-d72027cf88f3,49702692,John Perez,4
7654260e-79f9-45c5-9663-d72027cf88f3,2076086,John Perez,4
7654260e-79f9-45c5-9663-d72027cf88f3,69041754,John Perez,4
7654260e-79f9-45c5-9663-d72027cf88f3,2768275,John Perez,4
7654260e-79f9-45c5-9663-d72027cf88f3,2712446,Anthony Barnes,3
7654260e-79f9-45c5-9663-d72027cf88f3,1806086,Anthony Barnes,3
7654260e-79f9-45c5-9663-d72027cf88f3,66075093,Anthony Barnes,3
7654260e-79f9-45c5-9663-d72027cf88f3,48567420,Morgan Lopez,5
7654260e-79f9-45c5-9663-d72027cf88f3,2056946923,Morgan Lopez,5
7654260e-79f9-45c5-9663-d72027cf88f3,-2147483648,Morgan Lopez,5
7654260e-79f9-45c5-9663-d72027cf88f3,2056673,Morgan Lopez,5
7654260e-79f9-45c5-9663-d72027cf88f3,143609903,Morgan Lopez,5
d66cbe5a-07c4-4acc-a4a1-2171d6c074e0,2085689125,Suzanne Hughes,4
d66cbe5a-07c4-4acc-a4a1-2171d6c074e0,2068134753,Suzanne Hughes,4
d66cbe5a-07c4-4acc-a4a1-2171d6c074e0,145708428,Suzanne Hughes,4
d66cbe5a-07c4-4acc-a4a1-2171d6c074e0,47294118,Suzanne Hughes,4
768b87bb-8a18-4d9c-a161-4d483c776bcf,2844123,Emily Morton,5
768b87bb-8a18-4d9c-a161-4d483c776bcf,144265063,Emily Morton,5
768b87bb-8a18-4d9c-a161-4d483c776bcf,144085315,Emily Morton,5
768b87bb-8a18-4d9c-a161-4d483c776bcf,2957048,Emily Morton,5
768b87bb-8a18-4d9c-a161-4d483c776bcf,3208716,Emily Morton,5
768b87bb-8a18-4d9c-a161-4d483c776bcf,2441753,Jill Lee,4
768b87bb-8a18-4d9c-a161-4d483c776bcf,2236025,Jill Lee,4
768b87bb-8a18-4d9c-a161-4d483c776bcf,48382660,Jill Lee,4
768b87bb-8a18-4d9c-a161-4d483c776bcf,-2147483648,Jill Lee,4
49c72bc9-58a4-462b-93a0-86635b48a533,15671883,Kristen Cook,3
49c72bc9-58a4-462b-93a0-86635b48a533,1691615,Kristen Cook,3
49c72bc9-58a4-462b-93a0-86635b48a533,152266553,Kristen Cook,3
625842ea-b2ac-4832-aa41-6bd142cfc9d9,145850309,Jamie Johnston,5
625842ea-b2ac-4832-aa41-6bd142cfc9d9,143669775,Jamie Johnston,5
625842ea-b2ac-4832-aa41-6bd142cfc9d9,46699896,Jamie Johnston,5
625842ea-b2ac-4832-aa41-6bd142cfc9d9,70035060,Jamie Johnston,5
625842ea-b2ac-4832-aa41-6bd142cfc9d9,2113447583,Jamie Johnston,5
8107ca1c-f651-4769-86dc-3d94a7b5ac26,48703443,Charles Simpson,4
8107ca1c-f651-4769-86dc-3d94a7b5ac26,1778364,Charles Simpson,4
8107ca1c-f651-4769-86dc-3d94a7b5ac26,37996742,Charles Simpson,4
8107ca1c-f651-4769-86dc-3d94a7b5ac26,46916438,Charles Simpson,4
95518f4c-a5e2-4150-b610-9b1eba46e759,-2147483648,Crystal Walker,4
95518f4c-a5e2-4150-b610-9b1eba46e759,2071710499,Crystal Walker,4
95518f4c-a5e2-4150-b610-9b1eba46e759,34806045,Crystal Walker,4
95518f4c-a5e2-4150-b610-9b1eba46e759,2041192,Crystal Walker,4
1e33b3be-b2ab-46e9-96e8-d4eb4bad6e44,144366819,Rachel Sandoval,5
1e33b3be-b2ab-46e9-96e8-d4eb4bad6e44,5365043,Rachel Sandoval,5
1e33b3be-b2ab-46e9-96e8-d4eb4bad6e44,1776336,Rachel Sandoval,5
1e33b3be-b2ab-46e9-96e8-d4eb4bad6e44,34230689,Rachel Sandoval,5
1e33b3be-b2ab-46e9-96e8-d4eb4bad6e44,79734689,Rachel Sandoval,5
e795213e-9a07-4d48-a477-6c05448b9a72,2115424644,Jessica Ramirez,3
e795213e-9a07-4d48-a477-6c05448b9a72,1711320,Jessica Ramirez,3
e795213e-9a07-4d48-a477-6c05448b9a72,3011137,Jessica Ramirez,3
3f2626a8-9d78-42ca-9e0d-4b853b59cdcc,1689732,Regina Burton,5
3f2626a8-9d78-42ca-9e0d-4b853b59cdcc,144607672,Regina Burton,5
3f2626a8-9d78-42ca-9e0d-4b853b59cdcc,1679177,Regina Burton,5
3f2626a8-9d78-42ca-9e0d-4b853b59cdcc,50654620,Regina Burton,5
3f2626a8-9d78-42ca-9e0d-4b853b59cdcc,48958946,Regina Burton,5
768b87bb-8a18-4d9c-a161-4d483c776bcf,1706504,Sydney Rivera,3
768b87bb-8a18-4d9c-a161-4d483c776bcf,1751762,Sydney Rivera,3
768b87bb-8a18-4d9c-a161-4d483c776bcf,145993598,Sydney Rivera,3
768b87bb-8a18-4d9c-a161-4d483c776bcf,102790948,Karen Peters,5
768b87bb-8a18-4d9c-a161-4d483c776bcf,40281699,Karen Peters,5
768b87bb-8a18-4d9c-a161-4d483c776bcf,46172352,Karen Peters,5
768b87bb-8a18-4d9c-a161-4d483c776bcf,145848848,Karen Peters,5
768b87bb-8a18-4d9c-a161-4d483c776bcf,143901037,Karen Peters,5
4b02e809-1c26-4203-b9ba-311a418f664b,1397958668,Mark Kennedy,5
4b02e809-1c26-4203-b9ba-311a418f664b,144042512,Mark Kennedy,5
4b02e809-1c26-4203-b9ba-311a418f664b,144664874,Mark Kennedy,5
4b02e809-1c26-4203-b9ba-311a418f664b,31697564,Mark Kennedy,5
4b02e809-1c26-4203-b9ba-311a418f664b,1390556637,Mark Kennedy,5
768b87bb-8a18-4d9c-a161-4d483c776bcf,145841365,Stephen Long,3
768b87bb-8a18-4d9c-a161-4d483c776bcf,2069824882,Stephen Long,3
768b87bb-8a18-4d9c-a161-4d483c776bcf,1731453,Stephen Long,3
768b87bb-8a18-4d9c-a161-4d483c776bcf,67035902,Anthony Morales,4
768b87bb-8a18-4d9c-a161-4d483c776bcf,116402213,Anthony Morales,4
768b87bb-8a18-4d9c-a161-4d483c776bcf,1490690684,Anthony Morales,4
768b87bb-8a18-4d9c-a161-4d483c776bcf,32095807,Anthony Morales,4
167fa0ca-e88a-4ef7-a16f-bc66c457c806,14577774,Jeremy Howard,3
167fa0ca-e88a-4ef7-a16f-bc66c457c806,151505981,Jeremy Howard,3
167fa0ca-e88a-4ef7-a16f-bc66c457c806,7536576,Jeremy Howard,3
78a7fbcc-41c5-4258-b633-04b8637d4a9f,145529134,Justin Reeves,4
78a7fbcc-41c5-4258-b633-04b8637d4a9f,2545358,Justin Reeves,4
78a7fbcc-41c5-4258-b633-04b8637d4a9f,2117189654,Justin Reeves,4
78a7fbcc-41c5-4258-b633-04b8637d4a9f,1718974,Justin Reeves,4
768b87bb-8a18-4d9c-a161-4d483c776bcf,14332753,Jeffrey Ford,3
768b87bb-8a18-4d9c-a161-4d483c776bcf,145028966,Jeffrey Ford,3
768b87bb-8a18-4d9c-a161-4d483c776bcf,9460712,Jeffrey Ford,3
37275deb-3fcf-4d16-ae77-95db9899b1f3,144341429,Sean Lopez,5
37275deb-3fcf-4d16-ae77-95db9899b1f3,47746992,Sean Lopez,5
37275deb-3fcf-4d16-ae77-95db9899b1f3,1851300,Sean Lopez,5
37275deb-3fcf-4d16-ae77-95db9899b1f3,1994178,Sean Lopez,5
37275deb-3fcf-4d16-ae77-95db9899b1f3,2488686,Sean Lopez,5
167fa0ca-e88a-4ef7-a16f-bc66c457c806,1388853110,Jacob Barnes,3
167fa0ca-e88a-4ef7-a16f-bc66c457c806,50185648,Jacob Barnes,3
167fa0ca-e88a-4ef7-a16f-bc66c457c806,144108902,Jacob Barnes,3
167fa0ca-e88a-4ef7-a16f-bc66c457c806,1778446,Joseph Lang,4
167fa0ca-e88a-4ef7-a16f-bc66c457c806,1726428,Joseph Lang,4
167fa0ca-e88a-4ef7-a16f-bc66c457c806,5725804,Joseph Lang,4
167fa0ca-e88a-4ef7-a16f-bc66c457c806,2527511,Joseph Lang,4
d9720b90-d60b-48bc-9df8-87a30b9a60dd,2441753,Stephanie West,5
d9720b90-d60b-48bc-9df8-87a30b9a60dd,2143567339,Stephanie West,5
d9720b90-d60b-48bc-9df8-87a30b9a60dd,-2147483648,Stephanie West,5
d9720b90-d60b-48bc-9df8-87a30b9a60dd,2107517217,Stephanie West,5
d9720b90-d60b-48bc-9df8-87a30b9a60dd,1825703968,Stephanie West,5
a8f26d13-e373-4e48-b57b-ef89bf48f4db,3359767,Ricky Taylor,4
a8f26d13-e373-4e48-b57b-ef89bf48f4db,145848848,Ricky Taylor,4
a8f26d13-e373-4e48-b57b-ef89bf48f4db,36633883,Ricky Taylor,4
a8f26d13-e373-4e48-b57b-ef89bf48f4db,51163249,Ricky Taylor,4
768b87bb-8a18-4d9c-a161-4d483c776bcf,1796918,Lisa Thomas,4
768b87bb-8a18-4d9c-a161-4d483c776bcf,2924097,Lisa Thomas,4
768b87bb-8a18-4d9c-a161-4d483c776bcf,3026436,Lisa Thomas,4
768b87bb-8a18-4d9c-a161-4d483c776bcf,-2147483648,Lisa Thomas,4
41bf9ed3-85b3-4c90-b015-150e31690253,2074720376,Jill King,3
41bf9ed3-85b3-4c90-b015-150e31690253,144347549,Jill King,3
41bf9ed3-85b3-4c90-b015-150e31690253,2115868754,Jill King,3
47e4f61e-9b0e-431f-bd17-e534b53c655b,47284990,Mrs. Kathy Dorsey,3
47e4f61e-9b0e-431f-bd17-e534b53c655b,2430219,Mrs. Kathy Dorsey,3
47e4f61e-9b0e-431f-bd17-e534b53c655b,8504175,Mrs. Kathy Dorsey,3
e6904c24-9546-4135-8344-e3999e375558,1797840,Carlos Johnson,4
e6904c24-9546-4135-8344-e3999e375558,2114280962,Carlos Johnson,4
e6904c24-9546-4135-8344-e3999e375558,9397819,Carlos Johnson,4
e6904c24-9546-4135-8344-e3999e375558,145678691,Carlos Johnson,4
78a7fbcc-41c5-4258-b633-04b8637d4a9f,-2147483648,Michael Hodge,3
78a7fbcc-41c5-4258-b633-04b8637d4a9f,51043865,Michael Hodge,3
78a7fbcc-41c5-4258-b633-04b8637d4a9f,49273522,Michael Hodge,3
dea8d7a8-c89e-4de9-bde3-0787594a055f,1778446,Jennifer Anderson,3
dea8d7a8-c89e-4de9-bde3-0787594a055f,32552772,Jennifer Anderson,3
dea8d7a8-c89e-4de9-bde3-0787594a055f,2109501657,Jennifer Anderson,3
41bf9ed3-85b3-4c90-b015-150e31690253,2161352,Alexandra Gutierrez,5
41bf9ed3-85b3-4c90-b015-150e31690253,153440022,Alexandra Gutierrez,5
41bf9ed3-85b3-4c90-b015-150e31690253,-2147483648,Alexandra Gutierrez,5
41bf9ed3-85b3-4c90-b015-150e31690253,1990014057,Alexandra Gutierrez,5
41bf9ed3-85b3-4c90-b015-150e31690253,39843891,Alexandra Gutierrez,5
768b87bb-8a18-4d9c-a161-4d483c776bcf,144883195,Jason Collins,5
768b87bb-8a18-4d9c-a161-4d483c776bcf,2978170,Jason Collins,5
768b87bb-8a18-4d9c-a161-4d483c776bcf,144096985,Jason Collins,5
768b87bb-8a18-4d9c-a161-4d483c776bcf,-2147483648,Jason Collins,5
768b87bb-8a18-4d9c-a161-4d483c776bcf,28084517,Jason Collins,5
f8e3f8d0-0f40-48c0-b3c0-0c540237b859,1995760767,Scott Clayton,5
f8e3f8d0-0f40-48c0-b3c0-0c540237b859,31927890,Scott Clayton,5
f8e3f8d0-0f40-48c0-b3c0-0c540237b859,1811878,Scott Clayton,5
f8e3f8d0-0f40-48c0-b3c0-0c540237b859,32830771,Scott Clayton,5
f8e3f8d0-0f40-48c0-b3c0-0c540237b859,145071265,Scott Clayton,5
30a8645d-22d4-42e2-b3f6-304bf4ce3a02,-2147483648,Donald Salazar,5
30a8645d-22d4-42e2-b3f6-304bf4ce3a02,144332474,Donald Salazar,5
30a8645d-22d4-42e2-b3f6-304bf4ce3a02,1927553,Donald Salazar,5
30a8645d-22d4-42e2-b3f6-304bf4ce3a02,47165043,Donald Salazar,5
30a8645d-22d4-42e2-b3f6-304bf4ce3a02,153244409,Donald Salazar,5
4144b5fb-0a80-4663-8ebf-80ca0c47231a,2605200,David Bridges,4
4144b5fb-0a80-4663-8ebf-80ca0c47231a,152266553,David Bridges,4
4144b5fb-0a80-4663-8ebf-80ca0c47231a,3229613,David Bridges,4
4144b5fb-0a80-4663-8ebf-80ca0c47231a,36633883,David Bridges,4
8113a511-e0d9-4231-a1bc-0bf5d0212a4e,50617031,Christopher Wallace,3
8113a511-e0d9-4231-a1bc-0bf5d0212a4e,66095908,Christopher Wallace,3
8113a511-e0d9-4231-a1bc-0bf5d0212a4e,-2147483648,Christopher Wallace,3
d9720b90-d60b-48bc-9df8-87a30b9a60dd,2115684309,Reginald Reed,4
d9720b90-d60b-48bc-9df8-87a30b9a60dd,144477172,Reginald Reed,4
d9720b90-d60b-48bc-9df8-87a30b9a60dd,144022533,Reginald Reed,4
d9720b90-d60b-48bc-9df8-87a30b9a60dd,3056208,Reginald Reed,4
7654260e-79f9-45c5-9663-d72027cf88f3,2297068,Ethan Moore,4
7654260e-79f9-45c5-9663-d72027cf88f3,143805211,Ethan Moore,4
7654260e-79f9-45c5-9663-d72027cf88f3,1398597165,Ethan Moore,4
7654260e-79f9-45c5-9663-d72027cf88f3,3007922,Ethan Moore,4
