START_ID,END_ID
b55b50b1-aae7-47a7-b042-8aecc930073d,e4354ea1-52d3-4c94-812c-3f75887a5a6e
a36dc29e-4ea1-4567-b0fe-1c06daf8bee8,e7bb28af-0550-4c1a-909e-4fc030266e62
b55b50b1-aae7-47a7-b042-8aecc930073d,516bb46d-d067-4eb8-9640-9aa06fe4e5aa
528ced1f-e949-4e1a-8fee-2ffbf0be551d,32555d07-9773-4a54-94e7-41aede3b1ce1
b55b50b1-aae7-47a7-b042-8aecc930073d,83920f6a-f103-433c-a769-a46fcb76a416
528ced1f-e949-4e1a-8fee-2ffbf0be551d,ec9dd872-22b3-49d6-a039-67b295c90f26
2c9ecac6-f875-4a9b-acc2-10bd9f6782df,fc747a84-7324-42ef-81d6-717ca57a6258
c85dfc25-bcef-4719-9997-f41ad334d998,438baf61-7cef-48a3-a907-e3e6365b7062
4a8bbf74-8b02-49b1-ad58-836790bbc79f,a1ebaa16-01cb-42c9-8c89-bf260d322904
1ec5a55c-414e-4f79-b7dc-48e1dba3618e,490f9792-d5e1-4c7d-9c89-2143b7518aa9
66c268f7-ba60-443f-919d-e2c297910401,0991dbfa-3c1e-4800-9a77-29ac1fe6aeff
e27c1a12-37ca-4b72-bb77-352a151f78e9,86327c52-1ce4-440e-8b4b-cf0feddc1044
74f47cf8-2839-4a56-959a-524dd0ed9e3e,7126271a-d310-4457-8280-a99a300457db
764e3630-ddac-4c21-af4b-9d32ffef082e,50791be9-440d-471e-ba00-0adae19e5a12
764e3630-ddac-4c21-af4b-9d32ffef082e,80de073d-db2e-464d-a920-627d59f4cb0e
bf4a4b0f-eb61-4109-82ca-5fdd5c2d357f,090c28d5-08da-40e3-a38e-af432901f98a
c9e16b3c-2fdf-4b4c-82bf-5cdf3d3435b7,7e2fa9a7-64ef-452a-a187-6a0546405e30
cdd7667c-05b7-4d41-83f6-3dadd7d418c7,f13a8351-164a-43af-a7f3-a49a436a665f
7b344f25-64fc-416b-901d-07808b4e798f,322d8c63-084c-4fd0-8800-89f91828bae1
9c119da6-ab17-4403-854e-786882dbf352,f0cfe40e-00cf-4da6-9fbe-30ddd8e0ed19
6a1abd85-3eca-4491-ac76-0134749a10fc,e042600a-6547-4b4a-a0f0-4802d67ba02f
640b2c9a-6fb2-4333-8780-d31aa3c411cf,3f146872-606c-4a58-865d-6dd7ebd50e61
d8b9da69-2726-4c77-bdf7-9e96f58c67b2,202a5b8d-5cbf-4c04-9612-9e6218fa4c28
3ed98179-bff8-4560-bcf0-7b4171195aa4,9d2ec0a1-ae0a-4c88-a79f-f4cbdf41f5c3
764e3630-ddac-4c21-af4b-9d32ffef082e,a1bb54e2-4d22-455e-a65c-cd0e8075fd7a
d80d58be-58fc-4181-a397-5ac6fd976a47,2f26df82-f5f2-4651-a2ed-a98d40659ae5
d9720b90-d60b-48bc-9df8-87a30b9a60dd,3eca0d0c-f4ce-401a-9a24-244062317e36
d9720b90-d60b-48bc-9df8-87a30b9a60dd,cdcebef1-7eba-4edb-9d7f-e3dfc3021d46
d9720b90-d60b-48bc-9df8-87a30b9a60dd,abdedd54-2dbe-4e56-b2a1-d497306ac860
29b9c461-963e-4d11-b2ab-92c182243942,2dc6a5ce-a04b-43f5-9cd4-5e4a9f330529
87fc9c3c-cc7f-42aa-ba71-2700729a6788,fe904a53-bd50-4487-b7fc-c59f4953d164
41bf9ed3-85b3-4c90-b015-150e31690253,9e260ddd-359a-4cfa-b2fc-9b0285aded56
939c6e1d-0d17-4d6e-8a82-66d960df0e40,43c6cac3-6224-4f01-99de-d1a156a848b1
2d0a5631-36a3-47fd-a909-2b08e82bdf02,be8dad2b-5f06-4bcf-bf1f-a4919c6bbc32
939c6e1d-0d17-4d6e-8a82-66d960df0e40,e550ec13-7edd-4341-a7db-dc049ef3ef9a
41bf9ed3-85b3-4c90-b015-150e31690253,da7beeda-6ac9-44c2-8828-89b9884e49d1
167fa0ca-e88a-4ef7-a16f-bc66c457c806,1d96c6ec-d325-4d0f-b8c6-71f3724e5867
63c420a6-4772-4d27-bb54-2b7f2e6635a6,c31ad61e-ade8-4c4c-b9da-b4fbd8dfca2f
29b9c461-963e-4d11-b2ab-92c182243942,8e5c9c22-23c4-4494-adaa-f1112bb05f38
3dbf084c-ef47-4b74-9919-047b40704538,a6bccf70-3830-4827-856f-070de251126b
8fe2bc2e-b6cc-45a8-8a71-1b5a3853942e,04794524-4b08-465e-9215-ddfe75a709e9
fc0a208c-acb7-47dc-a0d4-af8190e21d29,7c75ddd0-5692-4a40-b055-c2929c78706a
3dbf084c-ef47-4b74-9919-047b40704538,a7e69200-9809-4342-b8ce-53f9d376594c
768b87bb-8a18-4d9c-a161-4d483c776bcf,816295a3-df06-4459-b70b-954b2f585082
d9720b90-d60b-48bc-9df8-87a30b9a60dd,45750f4b-ee42-473f-ba8f-745688fd459d
167fa0ca-e88a-4ef7-a16f-bc66c457c806,7c67b0ea-e3aa-450f-bee5-5052e55e0d6f
a0edb93b-1e95-4128-a295-6b1659149cef,70f6791a-9bc5-47ba-967d-4cbb9aa751f5
c7bde2ee-6ad5-49c7-9498-a01e46c162eb,ecaed087-e827-4961-8df7-bc4cea055115
3dbf084c-ef47-4b74-9919-047b40704538,060a7c65-04e6-4fcf-9c2a-fe190ee953cf
d43f0f26-43c9-4009-a1ed-63624522c166,766f6405-080a-458d-8963-e7743001860b
6bf48d72-eba2-4918-b9a0-153280062513,f05d0565-4a45-45e3-8f5c-8706c857af3c
89a946e2-e2c0-440a-8897-3eaaad3ecc54,16bd35a3-38e1-4d3b-af03-aadea25a2e50
768b87bb-8a18-4d9c-a161-4d483c776bcf,2559f19e-8eef-4112-85a2-3d54af7569f0
8cd29583-6084-42c6-b808-97d2f921c885,7f0fe7a6-a60f-46af-8e73-37fe677351eb
6a1abd85-3eca-4491-ac76-0134749a10fc,fc0218f4-ec85-4208-bd96-c9752b7178ba
789de21a-15ba-47d5-b661-3455a9771114,3fb01dcd-d46e-4fd5-8234-0553f3b8ae7a
76c066f7-84b3-469f-a04c-4d2bc8caa3fe,c87b4666-7f95-4554-9670-44e9b8f9e229
79ad93e3-8152-45a5-a97c-d6c327592c09,e1c50b90-74f9-43c5-8915-c6d443e4fbdd
efa3ff7a-4d96-44a1-a022-a683408919b6,f308f32a-3699-48cf-bb5e-85c9250458c8
768b87bb-8a18-4d9c-a161-4d483c776bcf,804d1d73-1a7a-4de9-be1e-fdb747380da2
7431ff67-91dc-41fa-b322-1b1ca657025f,6e8ece62-59c5-4f04-89d8-29f6f906ab74
7654260e-79f9-45c5-9663-d72027cf88f3,fc1fbda6-13a2-4f89-affe-8a6c0f232269
7654260e-79f9-45c5-9663-d72027cf88f3,b5053c49-caa5-4933-bda2-91192a92f3f0
7654260e-79f9-45c5-9663-d72027cf88f3,3d69d7bf-5420-4d50-aa56-70641daab85c
d66cbe5a-07c4-4acc-a4a1-2171d6c074e0,77b116c0-c014-41b4-965f-d0ed31cc9dcd
768b87bb-8a18-4d9c-a161-4d483c776bcf,e087189e-2df3-42e8-abd1-7e3a2afce38e
70713d09-6e4b-4554-9d3f-94d08aba320c,44fb1bf2-d166-4d39-9412-9d3e93f4efea
768b87bb-8a18-4d9c-a161-4d483c776bcf,80d44266-a59b-43fd-85e5-3d8d03347cda
49c72bc9-58a4-462b-93a0-86635b48a533,56d02536-dfc2-4481-9751-afdfddd4a4a9
625842ea-b2ac-4832-aa41-6bd142cfc9d9,9138017a-8fa4-4089-8e4a-82f7ef9d53c9
8107ca1c-f651-4769-86dc-3d94a7b5ac26,7d91b248-4883-47cb-adf9-6c4cb8121125
95518f4c-a5e2-4150-b610-9b1eba46e759,8d50e313-66d0-493c-a679-5d89b98e1996
1e33b3be-b2ab-46e9-96e8-d4eb4bad6e44,455153a8-fdc2-4eee-bb68-24a0bebca7b9
e795213e-9a07-4d48-a477-6c05448b9a72,4974c809-947d-4643-ac9b-5d8ffa8f1029
3f2626a8-9d78-42ca-9e0d-4b853b59cdcc,19064f2f-51d7-49a4-ac64-3a43499d250f
768b87bb-8a18-4d9c-a161-4d483c776bcf,e6c7879b-a931-41dd-9509-729d91e60ba0
768b87bb-8a18-4d9c-a161-4d483c776bcf,f87afac9-b40c-4cfa-a44d-d80e4b69c5ba
4b02e809-1c26-4203-b9ba-311a418f664b,c9f275fd-f6fc-4630-bd4c-a4f18b41865c
768b87bb-8a18-4d9c-a161-4d483c776bcf,cdbba7a2-a46b-4784-814b-8ba428b0817c
768b87bb-8a18-4d9c-a161-4d483c776bcf,963f372e-0f82-4efe-93de-e28da10a89ab
167fa0ca-e88a-4ef7-a16f-bc66c457c806,8b994572-232c-465e-a5c3-e3f0d2929af2
78a7fbcc-41c5-4258-b633-04b8637d4a9f,411d64b2-c3ed-46dc-8cd1-ff54efec3ccc
768b87bb-8a18-4d9c-a161-4d483c776bcf,f02ae6b3-8b52-4be0-be58-1648bc311630
37275deb-3fcf-4d16-ae77-95db9899b1f3,408f5f06-68e6-4696-bf9d-476b768504b0
167fa0ca-e88a-4ef7-a16f-bc66c457c806,4b6c84bb-cb0f-457e-8051-197ff75f0fd9
167fa0ca-e88a-4ef7-a16f-bc66c457c806,f9d4844a-da5b-4aa1-b93e-f47663886878
d9720b90-d60b-48bc-9df8-87a30b9a60dd,e7bbaa64-547e-4f7e-a6e1-51f683692732
a8f26d13-e373-4e48-b57b-ef89bf48f4db,3c6cb65a-6b8d-40de-96af-fc3e63bc5b68
768b87bb-8a18-4d9c-a161-4d483c776bcf,fdc15967-8766-4145-b84c-e45999ea033f
41bf9ed3-85b3-4c90-b015-150e31690253,301ebf98-a3f7-4999-8694-cb0630fe4a0b
47e4f61e-9b0e-431f-bd17-e534b53c655b,51f30c10-8bcd-4c69-b5a2-559180420bbb
e6904c24-9546-4135-8344-e3999e375558,fd2fa812-963f-445c-9d6c-4d6e4dafaa66
78a7fbcc-41c5-4258-b633-04b8637d4a9f,687037c9-77e1-4517-97eb-ed0c9b5cd40b
dea8d7a8-c89e-4de9-bde3-0787594a055f,87f003ca-d22c-4662-8b03-244e7cc21d34
41bf9ed3-85b3-4c90-b015-150e31690253,8cec2c0d-97a0-4574-b4d1-5be77b43a029
768b87bb-8a18-4d9c-a161-4d483c776bcf,62e6975c-088f-41c3-85c4-629a76453a42
f8e3f8d0-0f40-48c0-b3c0-0c540237b859,757721f5-168b-4b69-9e80-ef7d02c9fc6b
30a8645d-22d4-42e2-b3f6-304bf4ce3a02,e5ac85c7-a08c-4270-abef-064055146806
4144b5fb-0a80-4663-8ebf-80ca0c47231a,164b060c-c3bb-4be7-8fbe-b59f4886bc4b
8113a511-e0d9-4231-a1bc-0bf5d0212a4e,61de1e1d-dbe7-44bc-9276-b171d2aba4f6
d9720b90-d60b-48bc-9df8-87a30b9a60dd,146284e1-8a79-4a24-8de9-a57eec5cdd23
7654260e-79f9-45c5-9663-d72027cf88f3,f76caed4-7ef1-45bf-a310-c3e398b0ebaf
