paperId,reviewerId
133bcd7488a3c07cb0f493a87564c30e5433768c,2116218138.0
133bcd7488a3c07cb0f493a87564c30e5433768c,1413991996.0
133bcd7488a3c07cb0f493a87564c30e5433768c,31090592.0
fa5853fdef7d2f6bb68203d187ddacbbddc63a8b,144565371.0
fa5853fdef7d2f6bb68203d187ddacbbddc63a8b,3242590.0
fa5853fdef7d2f6bb68203d187ddacbbddc63a8b,2228185935.0
c082ccfcfe1afc696e371374146ba9380b84061e,1777308.0
c082ccfcfe1afc696e371374146ba9380b84061e,145212464.0
c082ccfcfe1afc696e371374146ba9380b84061e,2087067777.0
ed6473fd5294a0639d661e02092768f364d80f39,50732812.0
ed6473fd5294a0639d661e02092768f364d80f39,145674725.0
ed6473fd5294a0639d661e02092768f364d80f39,5883735.0
fb29359d794265c0931d756858a70c9265b5693d,48861660.0
fb29359d794265c0931d756858a70c9265b5693d,2801174.0
fb29359d794265c0931d756858a70c9265b5693d,1730104.0
8bb6a6802027c7f2489accb0559e6f02984535c9,30993494.0
8bb6a6802027c7f2489accb0559e6f02984535c9,145599558.0
8bb6a6802027c7f2489accb0559e6f02984535c9,84419869.0
70fe060c12b3f100148d1a2be1e8f4254022543e,9147815.0
70fe060c12b3f100148d1a2be1e8f4254022543e,2118581438.0
70fe060c12b3f100148d1a2be1e8f4254022543e,2105679264.0
6b21f79054e41060dbc3303cad2667873b20e229,52038267.0
6b21f79054e41060dbc3303cad2667873b20e229,2067827437.0
6b21f79054e41060dbc3303cad2667873b20e229,2404094.0
88ca84ce36ddc1bf7b6593b7f73fe2663e2365ad,1780892.0
88ca84ce36ddc1bf7b6593b7f73fe2663e2365ad,84308998.0
88ca84ce36ddc1bf7b6593b7f73fe2663e2365ad,2512406.0
108acf9a358512a40191d857e2456aeaaac3303b,2248440169.0
108acf9a358512a40191d857e2456aeaaac3303b,3119819.0
108acf9a358512a40191d857e2456aeaaac3303b,7993996.0
4c6e31458b0b44c1e8bd6e58f7d7e0767f7fde44,1938854376.0
4c6e31458b0b44c1e8bd6e58f7d7e0767f7fde44,35089933.0
4c6e31458b0b44c1e8bd6e58f7d7e0767f7fde44,2115648970.0
370d248f97b75c4040e5828a658bbe4c3b80bf1e,1413991996.0
370d248f97b75c4040e5828a658bbe4c3b80bf1e,1808359.0
370d248f97b75c4040e5828a658bbe4c3b80bf1e,70102214.0
72d3ddf1f7210d7e70144bbc09f770ec411fe909,100893630.0
72d3ddf1f7210d7e70144bbc09f770ec411fe909,3312796.0
72d3ddf1f7210d7e70144bbc09f770ec411fe909,31933283.0
b79ca6fd3df135a9bcf778844be625b764fbcfb3,39517703.0
b79ca6fd3df135a9bcf778844be625b764fbcfb3,40281699.0
b79ca6fd3df135a9bcf778844be625b764fbcfb3,36188487.0
ede0a8039a561905f40777ec2ae66c2010e3f2bc,47582418.0
ede0a8039a561905f40777ec2ae66c2010e3f2bc,5725804.0
ede0a8039a561905f40777ec2ae66c2010e3f2bc,32842332.0
9bcf291c6245a3c2ee101babf4c1f0bbfa166f92,4796855.0
9bcf291c6245a3c2ee101babf4c1f0bbfa166f92,34243620.0
9bcf291c6245a3c2ee101babf4c1f0bbfa166f92,36203548.0
7282f5c9d84cd47c516a6a66c5a6b8f1e2cf44b6,49899890.0
7282f5c9d84cd47c516a6a66c5a6b8f1e2cf44b6,7593607.0
7282f5c9d84cd47c516a6a66c5a6b8f1e2cf44b6,39102205.0
44321686d59d889af1760357940f04fbb6629597,31707454.0
44321686d59d889af1760357940f04fbb6629597,1397947479.0
44321686d59d889af1760357940f04fbb6629597,39986707.0
f9d403c58db99e2214f43e5b1740694b9c79002f,3161629.0
f9d403c58db99e2214f43e5b1740694b9c79002f,105021779.0
f9d403c58db99e2214f43e5b1740694b9c79002f,5878244.0
8bba999de25bfb288b3f7f88e1d907aab02638b6,3445901.0
8bba999de25bfb288b3f7f88e1d907aab02638b6,39126788.0
8bba999de25bfb288b3f7f88e1d907aab02638b6,1732926.0
2d6adb9636df5a8a5dbcbfaecd0c4d34d7c85034,2364443.0
2d6adb9636df5a8a5dbcbfaecd0c4d34d7c85034,6346734.0
2d6adb9636df5a8a5dbcbfaecd0c4d34d7c85034,144109291.0
f9b0b10713044c146caa84704b66804aa1e82d5e,1949898.0
f9b0b10713044c146caa84704b66804aa1e82d5e,134339866.0
f9b0b10713044c146caa84704b66804aa1e82d5e,1940065.0
c13147ef0b86d5ec833c272840f8f3bdacf96e7f,12440182.0
c13147ef0b86d5ec833c272840f8f3bdacf96e7f,2752280.0
c13147ef0b86d5ec833c272840f8f3bdacf96e7f,2452575.0
ab8ba0f2d290a8e56eb61e10027d0b2e57d2d544,145920814.0
ab8ba0f2d290a8e56eb61e10027d0b2e57d2d544,1582428254.0
ab8ba0f2d290a8e56eb61e10027d0b2e57d2d544,1696163.0
0751d2fa3a54cbbb4d594f2ee47c3aa7e4003a24,4505843.0
0751d2fa3a54cbbb4d594f2ee47c3aa7e4003a24,3681654.0
0751d2fa3a54cbbb4d594f2ee47c3aa7e4003a24,32824271.0
1ba044d3d501dddd94b479aa9dbe55a93bfa9d5f,103513768.0
1ba044d3d501dddd94b479aa9dbe55a93bfa9d5f,51208883.0
1ba044d3d501dddd94b479aa9dbe55a93bfa9d5f,1950529.0
f42c69dbd792155fee6f4d2c525971f8d43f138b,8663663.0
f42c69dbd792155fee6f4d2c525971f8d43f138b,2115424644.0
f42c69dbd792155fee6f4d2c525971f8d43f138b,1768841.0
5b9ea2abf1c5a04b3024367409284edceb741ef2,144019071.0
5b9ea2abf1c5a04b3024367409284edceb741ef2,8010984.0
5b9ea2abf1c5a04b3024367409284edceb741ef2,49069169.0
a4b6f802b3f416fb1af6d723e0549c5e6d34faae,2315950.0
a4b6f802b3f416fb1af6d723e0549c5e6d34faae,2069499885.0
a4b6f802b3f416fb1af6d723e0549c5e6d34faae,2108473999.0
648ba966b63975c6859e1948ae3ddc30053884e4,1776336.0
648ba966b63975c6859e1948ae3ddc30053884e4,143975298.0
648ba966b63975c6859e1948ae3ddc30053884e4,2312376.0
deb4e0c46f2e389ec5e4528f9dcee643bb6a15fa,1836606.0
deb4e0c46f2e389ec5e4528f9dcee643bb6a15fa,2058581798.0
deb4e0c46f2e389ec5e4528f9dcee643bb6a15fa,36217154.0
12f62537251cf8eb76fa11c59df68d2211008898,145910366.0
12f62537251cf8eb76fa11c59df68d2211008898,7932476.0
12f62537251cf8eb76fa11c59df68d2211008898,1937417.0
82620503cacf8ff6f8f3490e7bdf7508f1ab2021,66282382.0
82620503cacf8ff6f8f3490e7bdf7508f1ab2021,2150913827.0
82620503cacf8ff6f8f3490e7bdf7508f1ab2021,2297222.0
8ece479b5dfed4727d2d9b9763f777bb9a94096e,145724066.0
8ece479b5dfed4727d2d9b9763f777bb9a94096e,1682100.0
8ece479b5dfed4727d2d9b9763f777bb9a94096e,2186737813.0
398b154013db9d8025bf60f910bc156dedd9b40e,49028813.0
398b154013db9d8025bf60f910bc156dedd9b40e,48246959.0
398b154013db9d8025bf60f910bc156dedd9b40e,1785006.0
a11e157cb828b800426223f0a3d79e8fb122c8cc,1825703968.0
a11e157cb828b800426223f0a3d79e8fb122c8cc,50128029.0
a11e157cb828b800426223f0a3d79e8fb122c8cc,80778122.0
0669286d8d4ca8ec2fdf16b7813157c21eb690be,2927870.0
0669286d8d4ca8ec2fdf16b7813157c21eb690be,39041697.0
0669286d8d4ca8ec2fdf16b7813157c21eb690be,2775146.0
e57f360d4ffd1d3aa1dfbcc92d35b506f46f3afd,69041754.0
e57f360d4ffd1d3aa1dfbcc92d35b506f46f3afd,2258272369.0
e57f360d4ffd1d3aa1dfbcc92d35b506f46f3afd,46848946.0
3b16bcb226bb1c87a6e63e0658be30067ed03f57,50617031.0
3b16bcb226bb1c87a6e63e0658be30067ed03f57,1490633994.0
3b16bcb226bb1c87a6e63e0658be30067ed03f57,2285778110.0
41cf91ee13a1d15983ede066ddf6b67cc94a41f4,2257989566.0
41cf91ee13a1d15983ede066ddf6b67cc94a41f4,2103259403.0
41cf91ee13a1d15983ede066ddf6b67cc94a41f4,144899986.0
840b60da93c2776230d3e6123d708e1c7e66ebc0,51906013.0
840b60da93c2776230d3e6123d708e1c7e66ebc0,1771551.0
840b60da93c2776230d3e6123d708e1c7e66ebc0,2080690.0
d88d39dd9c910105e7503aa43698c806d42d5198,50055322.0
d88d39dd9c910105e7503aa43698c806d42d5198,1747034.0
d88d39dd9c910105e7503aa43698c806d42d5198,2079716.0
c016852106ac787678105fd9dd22e57ba620517c,2176094.0
c016852106ac787678105fd9dd22e57ba620517c,11577423.0
c016852106ac787678105fd9dd22e57ba620517c,2064178966.0
579b64d2179a58a8bc586c30850ea238d3c14164,2057642721.0
579b64d2179a58a8bc586c30850ea238d3c14164,33147958.0
579b64d2179a58a8bc586c30850ea238d3c14164,3229889.0
d9a984e15b1a86a66ecbac9e66d458dae4cb616c,39144781.0
d9a984e15b1a86a66ecbac9e66d458dae4cb616c,2297068.0
d9a984e15b1a86a66ecbac9e66d458dae4cb616c,47714322.0
27b9d1182e913decc7ef6a3509245fa6b6fd509d,1997850.0
27b9d1182e913decc7ef6a3509245fa6b6fd509d,1886238.0
27b9d1182e913decc7ef6a3509245fa6b6fd509d,2153627849.0
62a9d4f1763c5071cb2476c100614ba9741f036b,2085348595.0
62a9d4f1763c5071cb2476c100614ba9741f036b,32630778.0
62a9d4f1763c5071cb2476c100614ba9741f036b,2149185786.0
e2055b85dab66c922ccf25a28046e8e559074824,47300432.0
e2055b85dab66c922ccf25a28046e8e559074824,2325322.0
e2055b85dab66c922ccf25a28046e8e559074824,2420527.0
4b5505a54799d796ae94115409b01ee33a7e2b20,2150280858.0
4b5505a54799d796ae94115409b01ee33a7e2b20,2070105034.0
4b5505a54799d796ae94115409b01ee33a7e2b20,39497753.0
b017bf6879e57077b4b4e180a02747b89878d7a1,3304536.0
b017bf6879e57077b4b4e180a02747b89878d7a1,32685970.0
b017bf6879e57077b4b4e180a02747b89878d7a1,51403558.0
28cc044d5ba938472bc53d87240583982ad21663,144643812.0
28cc044d5ba938472bc53d87240583982ad21663,94128697.0
28cc044d5ba938472bc53d87240583982ad21663,2057642721.0
8e234be4cdc34ea8deba609c31858198ad941797,147069795.0
8e234be4cdc34ea8deba609c31858198ad941797,35664117.0
8e234be4cdc34ea8deba609c31858198ad941797,47019723.0
3746152e023e79b7d03cf12a560e473de2945d67,7224246.0
3746152e023e79b7d03cf12a560e473de2945d67,2108256554.0
3746152e023e79b7d03cf12a560e473de2945d67,48174487.0
38f0c0f2567e074c775017e0e8dd1a43b1f6fcdd,2452441.0
38f0c0f2567e074c775017e0e8dd1a43b1f6fcdd,32288781.0
38f0c0f2567e074c775017e0e8dd1a43b1f6fcdd,144187725.0
4271faaa82eb722d079222211c30ab642bc734be,1405917010.0
4271faaa82eb722d079222211c30ab642bc734be,2775146.0
4271faaa82eb722d079222211c30ab642bc734be,39908645.0
f56425ec56586dcfd2694ab83643e9e76f314e91,3382158.0
f56425ec56586dcfd2694ab83643e9e76f314e91,2150913597.0
f56425ec56586dcfd2694ab83643e9e76f314e91,153244409.0
89f41c87c8849ce37e609c1010087291a4679a37,2078716805.0
89f41c87c8849ce37e609c1010087291a4679a37,145750440.0
89f41c87c8849ce37e609c1010087291a4679a37,1699363778.0
9f2b2111cd65cc33c0c440f4f8e548b58d8dd851,2563117.0
9f2b2111cd65cc33c0c440f4f8e548b58d8dd851,145426479.0
9f2b2111cd65cc33c0c440f4f8e548b58d8dd851,143931014.0
1ec4d0e29455e47245edaa17368257df3efb6562,2282455043.0
1ec4d0e29455e47245edaa17368257df3efb6562,2691377.0
1ec4d0e29455e47245edaa17368257df3efb6562,145632581.0
2ad13329d44c74041626a60898ccf921b0bdacd3,36743361.0
2ad13329d44c74041626a60898ccf921b0bdacd3,144761176.0
2ad13329d44c74041626a60898ccf921b0bdacd3,3089272.0
92b68d5a59262971d0f4a563c6abe1be6f2dab56,48086053.0
92b68d5a59262971d0f4a563c6abe1be6f2dab56,134339866.0
92b68d5a59262971d0f4a563c6abe1be6f2dab56,4280774.0
1ac524c713423bc50822b34e0aa1bbfab42d2b00,2725767.0
1ac524c713423bc50822b34e0aa1bbfab42d2b00,1409493802.0
1ac524c713423bc50822b34e0aa1bbfab42d2b00,2150913365.0
678da221aa156807bc2c191ed5f4bcbb0b25d421,143975298.0
678da221aa156807bc2c191ed5f4bcbb0b25d421,1805699.0
678da221aa156807bc2c191ed5f4bcbb0b25d421,4019733.0
0c86e8d19d0fc62a5f829ea625ffd3e7fa9551b9,145367596.0
0c86e8d19d0fc62a5f829ea625ffd3e7fa9551b9,1743065.0
0c86e8d19d0fc62a5f829ea625ffd3e7fa9551b9,152575374.0
5c8b7127ad0b5257f81ce1aa70b89faa97bbc211,46699896.0
5c8b7127ad0b5257f81ce1aa70b89faa97bbc211,1398366208.0
5c8b7127ad0b5257f81ce1aa70b89faa97bbc211,2108594617.0
2081ed6854290a479f796f2432c7951ff24232fe,2444937.0
2081ed6854290a479f796f2432c7951ff24232fe,7531964.0
2081ed6854290a479f796f2432c7951ff24232fe,47165043.0
0e23ff1f915b6af32bf1a1107ee7e15ebe10efe8,32630778.0
0e23ff1f915b6af32bf1a1107ee7e15ebe10efe8,31883087.0
0e23ff1f915b6af32bf1a1107ee7e15ebe10efe8,2052127.0
e564e3656395782d0ab9f801bfbe9f9f1a5d34a7,2247699813.0
e564e3656395782d0ab9f801bfbe9f9f1a5d34a7,121567631.0
e564e3656395782d0ab9f801bfbe9f9f1a5d34a7,3081489.0
b00f836c62d0ea7678d0f20aeec3397138633060,1389645066.0
b00f836c62d0ea7678d0f20aeec3397138633060,33650230.0
b00f836c62d0ea7678d0f20aeec3397138633060,100893630.0
2ab2796390ac12df283e218907ed0ffef232dbc7,2240453062.0
2ab2796390ac12df283e218907ed0ffef232dbc7,2638246.0
2ab2796390ac12df283e218907ed0ffef232dbc7,144863127.0
b134d892f4e76081f5fa36b0b7c2e7118be53907,2996164.0
b134d892f4e76081f5fa36b0b7c2e7118be53907,32326419.0
b134d892f4e76081f5fa36b0b7c2e7118be53907,9691651.0
e799d31e1c2d80a971c1f956d62b98c0a9f27031,2669688.0
e799d31e1c2d80a971c1f956d62b98c0a9f27031,1978283.0
e799d31e1c2d80a971c1f956d62b98c0a9f27031,145387873.0
eaa3bbe9e3c52781fd84149d8ee6e2670c90e5ec,3212089.0
eaa3bbe9e3c52781fd84149d8ee6e2670c90e5ec,1398876428.0
eaa3bbe9e3c52781fd84149d8ee6e2670c90e5ec,3458428.0
702cd9a7a128706b8a6ec88e7424e06c326021e5,2881401.0
702cd9a7a128706b8a6ec88e7424e06c326021e5,2109704789.0
702cd9a7a128706b8a6ec88e7424e06c326021e5,2716703.0
747359803e9a734fa4f1338a83121a942f3da60e,34672782.0
747359803e9a734fa4f1338a83121a942f3da60e,1765169.0
747359803e9a734fa4f1338a83121a942f3da60e,2150913543.0
d6801d0ffd08ba56bccfa01884bb6a126f99de2e,1396822962.0
d6801d0ffd08ba56bccfa01884bb6a126f99de2e,33317650.0
d6801d0ffd08ba56bccfa01884bb6a126f99de2e,31697564.0
863a35bdd1ae803491801e283c2ae79fe973cf68,2194791.0
863a35bdd1ae803491801e283c2ae79fe973cf68,3382158.0
863a35bdd1ae803491801e283c2ae79fe973cf68,145472146.0
f9e0e85732f0736c0d5a6f0c63df5c7f1f245dcd,2911562.0
f9e0e85732f0736c0d5a6f0c63df5c7f1f245dcd,1728234.0
f9e0e85732f0736c0d5a6f0c63df5c7f1f245dcd,144015417.0
590ead4aeddbf8fea8414998b2dc3b74576a71cb,5538503.0
590ead4aeddbf8fea8414998b2dc3b74576a71cb,1577489381.0
590ead4aeddbf8fea8414998b2dc3b74576a71cb,47508912.0
bb44d1472bb281c699ef556f6eb6ccc66889f2d3,3365871.0
bb44d1472bb281c699ef556f6eb6ccc66889f2d3,2117163698.0
bb44d1472bb281c699ef556f6eb6ccc66889f2d3,152652975.0
bb6adeeb3a21479cc45490a5c2ff6d8dd5e77603,3316311.0
bb6adeeb3a21479cc45490a5c2ff6d8dd5e77603,1693341.0
bb6adeeb3a21479cc45490a5c2ff6d8dd5e77603,144696683.0
8d446e7af03d7c7f9fe5828b2d9939e23a3ed7b0,51906013.0
8d446e7af03d7c7f9fe5828b2d9939e23a3ed7b0,2923325.0
8d446e7af03d7c7f9fe5828b2d9939e23a3ed7b0,15500940.0
daec8baf1740a09725b375729d95caebc42f61c8,2176850.0
daec8baf1740a09725b375729d95caebc42f61c8,1851520.0
daec8baf1740a09725b375729d95caebc42f61c8,2485974.0
b85ac20631159ca3e370afa9c1f81a4618242b4f,3475913.0
b85ac20631159ca3e370afa9c1f81a4618242b4f,145023884.0
b85ac20631159ca3e370afa9c1f81a4618242b4f,1861174059.0
4f0218eb9ed62d5acc03f02bfa24b388a66067e8,14577774.0
4f0218eb9ed62d5acc03f02bfa24b388a66067e8,2395456.0
4f0218eb9ed62d5acc03f02bfa24b388a66067e8,7934073.0
31de1d23b2f1f1c14ce7025489d2892aa10fb1ef,29624314.0
31de1d23b2f1f1c14ce7025489d2892aa10fb1ef,3008587.0
31de1d23b2f1f1c14ce7025489d2892aa10fb1ef,144096985.0
46f1c45c62b7dbf77af405f5ddcf137b5e1ddde9,2247705646.0
46f1c45c62b7dbf77af405f5ddcf137b5e1ddde9,144374835.0
46f1c45c62b7dbf77af405f5ddcf137b5e1ddde9,2212196329.0
36708c11c2fde2efb50e75d81f174b2c205082c8,2058581798.0
36708c11c2fde2efb50e75d81f174b2c205082c8,46673132.0
36708c11c2fde2efb50e75d81f174b2c205082c8,40131608.0
4aeda303fa0b9beae3f6d65e052dace9d4540116,115740923.0
4aeda303fa0b9beae3f6d65e052dace9d4540116,1679913.0
4aeda303fa0b9beae3f6d65e052dace9d4540116,143728483.0
2f972d51b7c1ee4a422b9c458ac373ddd3b722ea,1401829700.0
2f972d51b7c1ee4a422b9c458ac373ddd3b722ea,32288781.0
2f972d51b7c1ee4a422b9c458ac373ddd3b722ea,33650230.0
fb566f2001e44a65433fb7cc2eb7bcf6513a7db8,145061660.0
fb566f2001e44a65433fb7cc2eb7bcf6513a7db8,144042512.0
fb566f2001e44a65433fb7cc2eb7bcf6513a7db8,145919235.0
08468bac470e5c2cbbd2b66e8e7cf2ab65f38e02,1410194755.0
08468bac470e5c2cbbd2b66e8e7cf2ab65f38e02,2216149.0
08468bac470e5c2cbbd2b66e8e7cf2ab65f38e02,4019733.0
e1c8f86668d3e37e430f187b7fd91d1643a0a0ff,4007395.0
e1c8f86668d3e37e430f187b7fd91d1643a0a0ff,1968560.0
e1c8f86668d3e37e430f187b7fd91d1643a0a0ff,1723099.0
bf12943b1862cbdf556ba1ddcdbc685d4f38a6c3,3277480.0
bf12943b1862cbdf556ba1ddcdbc685d4f38a6c3,35323164.0
bf12943b1862cbdf556ba1ddcdbc685d4f38a6c3,1776159.0
ffdb6039a5d82f8edd70b2d177074c2f2c89e97f,2306305.0
ffdb6039a5d82f8edd70b2d177074c2f2c89e97f,116246793.0
ffdb6039a5d82f8edd70b2d177074c2f2c89e97f,74825769.0
6bec0106bebc93fc30ec47af9779d7e327639034,3479735.0
6bec0106bebc93fc30ec47af9779d7e327639034,3242590.0
6bec0106bebc93fc30ec47af9779d7e327639034,3136944.0
0a4b3c33e830d8cde364443a52e673c2c07dcfe8,2292167.0
0a4b3c33e830d8cde364443a52e673c2c07dcfe8,1388063032.0
0a4b3c33e830d8cde364443a52e673c2c07dcfe8,2259079144.0
fe5e345b7f027633cff866ba9a4d4e85af7e9448,2680276.0
fe5e345b7f027633cff866ba9a4d4e85af7e9448,2150913365.0
fe5e345b7f027633cff866ba9a4d4e85af7e9448,1773836.0
82e1e8b222aeaca19d45375b31fdc825d1a821b8,2978170.0
82e1e8b222aeaca19d45375b31fdc825d1a821b8,40833997.0
82e1e8b222aeaca19d45375b31fdc825d1a821b8,4373110.0
02c3f4c16d85825727f0cfaa7eae91547a49fbf1,2640588.0
02c3f4c16d85825727f0cfaa7eae91547a49fbf1,1401492455.0
02c3f4c16d85825727f0cfaa7eae91547a49fbf1,50408701.0
63288534c93f8854a34e5511d9171c5f71ec2886,39290791.0
63288534c93f8854a34e5511d9171c5f71ec2886,2148761004.0
63288534c93f8854a34e5511d9171c5f71ec2886,36187161.0
8dd4e1d29e21f0d7ea77f15754a1df2d1ddaf000,1723099.0
8dd4e1d29e21f0d7ea77f15754a1df2d1ddaf000,35078078.0
8dd4e1d29e21f0d7ea77f15754a1df2d1ddaf000,1747102.0
f5dfff2fcc0782bd3e5805a6f824674353400fb9,36743361.0
f5dfff2fcc0782bd3e5805a6f824674353400fb9,2640588.0
f5dfff2fcc0782bd3e5805a6f824674353400fb9,35642045.0
00a2aeb87287d59eaf118e96f0cdbb622a7fec42,1804315.0
00a2aeb87287d59eaf118e96f0cdbb622a7fec42,1808359.0
00a2aeb87287d59eaf118e96f0cdbb622a7fec42,3291146.0
d982b20b110fcbc0968bb15779f3ab9bcf19d7d0,1401829700.0
d982b20b110fcbc0968bb15779f3ab9bcf19d7d0,1557275155.0
d982b20b110fcbc0968bb15779f3ab9bcf19d7d0,2066145.0
fd1ce8caf8b2f79d93927d62878e44d3ca05a45f,153302678.0
fd1ce8caf8b2f79d93927d62878e44d3ca05a45f,2248510675.0
fd1ce8caf8b2f79d93927d62878e44d3ca05a45f,2162817.0
6dbcc8b895dc4cfcdbeef2f40df2d359430c63de,1760750.0
6dbcc8b895dc4cfcdbeef2f40df2d359430c63de,145115014.0
6dbcc8b895dc4cfcdbeef2f40df2d359430c63de,48382660.0
59a15d402c58700a36530310940ebb55b61b5fa7,3245770.0
59a15d402c58700a36530310940ebb55b61b5fa7,8644469.0
59a15d402c58700a36530310940ebb55b61b5fa7,41018505.0
e61b4479872ed8dbbea3786a17072fdd5c31f10a,49370597.0
e61b4479872ed8dbbea3786a17072fdd5c31f10a,1751569.0
e61b4479872ed8dbbea3786a17072fdd5c31f10a,2775559.0
3dfef91427af4649632d527f92775d34cb1b95a5,144152606.0
3dfef91427af4649632d527f92775d34cb1b95a5,2150913717.0
3dfef91427af4649632d527f92775d34cb1b95a5,48506828.0
3cd521b5e249ee11d6991c66167f2561c1f9dc8b,144630231.0
3cd521b5e249ee11d6991c66167f2561c1f9dc8b,143943844.0
3cd521b5e249ee11d6991c66167f2561c1f9dc8b,48244799.0
f0220044ffd26da17a3bb90508fd3430b6e1d6cf,2265832.0
f0220044ffd26da17a3bb90508fd3430b6e1d6cf,1485435660.0
f0220044ffd26da17a3bb90508fd3430b6e1d6cf,143940091.0
7ef882c911a59e749145f0280577715541c88f22,71721856.0
7ef882c911a59e749145f0280577715541c88f22,2856207.0
7ef882c911a59e749145f0280577715541c88f22,143719768.0
e07e835944576cba7218abf6fb8b3c02e23b6942,2108101280.0
e07e835944576cba7218abf6fb8b3c02e23b6942,2153627849.0
e07e835944576cba7218abf6fb8b3c02e23b6942,1776622.0
191e7d86e995560602853aacbc08fda8ae4b6cbc,2143911040.0
191e7d86e995560602853aacbc08fda8ae4b6cbc,2571049.0
191e7d86e995560602853aacbc08fda8ae4b6cbc,5342859.0
62de964795b3b71f6010b284212e9c572b21b12e,144893958.0
62de964795b3b71f6010b284212e9c572b21b12e,1812881.0
62de964795b3b71f6010b284212e9c572b21b12e,144308320.0
15fdb128139282fcc0b158972c509bb00da56a7a,2103259403.0
15fdb128139282fcc0b158972c509bb00da56a7a,88637483.0
15fdb128139282fcc0b158972c509bb00da56a7a,50169373.0
12dcaf154a8a72769646f9299d5c466667e1a367,1397292835.0
12dcaf154a8a72769646f9299d5c466667e1a367,3312796.0
12dcaf154a8a72769646f9299d5c466667e1a367,1686321.0
c303542ec9e91ad6e83e0644790435d12833a33e,46550919.0
c303542ec9e91ad6e83e0644790435d12833a33e,144355399.0
c303542ec9e91ad6e83e0644790435d12833a33e,49368223.0
01dda7d592b7346de816d50a3a6ec72645b829fc,10323928.0
01dda7d592b7346de816d50a3a6ec72645b829fc,1822287.0
01dda7d592b7346de816d50a3a6ec72645b829fc,2136936996.0
bc2f2a5cc55fb1c4555e31b42aaabf540c4e8451,4230536.0
bc2f2a5cc55fb1c4555e31b42aaabf540c4e8451,2067479253.0
bc2f2a5cc55fb1c4555e31b42aaabf540c4e8451,1401282143.0
0c8af5847f28cc9a267571ab45b826dc83b56cb2,2103259403.0
0c8af5847f28cc9a267571ab45b826dc83b56cb2,2052279359.0
0c8af5847f28cc9a267571ab45b826dc83b56cb2,2238556930.0
d448a33c77562dd0bc001da91336a0160a141272,143605744.0
d448a33c77562dd0bc001da91336a0160a141272,2099295.0
d448a33c77562dd0bc001da91336a0160a141272,98367724.0
60307d0a08b59c3b3142f01a791f73442653c633,145233583.0
60307d0a08b59c3b3142f01a791f73442653c633,4644737.0
60307d0a08b59c3b3142f01a791f73442653c633,2107299006.0
92fd538d1e3a69ac3bd435623244ef8978fb4bbe,5538503.0
92fd538d1e3a69ac3bd435623244ef8978fb4bbe,49398806.0
92fd538d1e3a69ac3bd435623244ef8978fb4bbe,3291146.0
cb298f36b0ef7f83db27c3f1b23e7725c1274ba6,145582788.0
cb298f36b0ef7f83db27c3f1b23e7725c1274ba6,2038224.0
cb298f36b0ef7f83db27c3f1b23e7725c1274ba6,2248440169.0
2faa1bbb65b1e324ffa8b919877e1349d0c97ca0,1851520.0
2faa1bbb65b1e324ffa8b919877e1349d0c97ca0,32326419.0
2faa1bbb65b1e324ffa8b919877e1349d0c97ca0,7510588.0
12bbe911851d4831f2dc533ad7fe31486586a384,2289846690.0
12bbe911851d4831f2dc533ad7fe31486586a384,2107299006.0
12bbe911851d4831f2dc533ad7fe31486586a384,2059337676.0
af84ff9828e212a599acc95c38bcd2149665a16b,145165051.0
af84ff9828e212a599acc95c38bcd2149665a16b,145850309.0
af84ff9828e212a599acc95c38bcd2149665a16b,3139174.0
fefe278128fadba4a63baa9b8479d2740fa0e0f3,2830194.0
fefe278128fadba4a63baa9b8479d2740fa0e0f3,30723072.0
fefe278128fadba4a63baa9b8479d2740fa0e0f3,7993996.0
a8bcb0fa5bd28b87943d99a8d9960d13d9c67d35,38899048.0
a8bcb0fa5bd28b87943d99a8d9960d13d9c67d35,144477172.0
a8bcb0fa5bd28b87943d99a8d9960d13d9c67d35,49569220.0
a446bbe67eb287d9e0801fc92b7b0a0a2f19b1f9,32682543.0
a446bbe67eb287d9e0801fc92b7b0a0a2f19b1f9,5538503.0
a446bbe67eb287d9e0801fc92b7b0a0a2f19b1f9,30993494.0
7ea56351817ae57f93fd6a04c58539fdf9759ec7,144474086.0
7ea56351817ae57f93fd6a04c58539fdf9759ec7,2150299143.0
7ea56351817ae57f93fd6a04c58539fdf9759ec7,144565371.0
8a9a4996ede8a04fb562b824ae978751c11c9108,2285301474.0
8a9a4996ede8a04fb562b824ae978751c11c9108,48946116.0
8a9a4996ede8a04fb562b824ae978751c11c9108,1736121.0
088fa965485babd4b38f846743605ad16ed24729,2059877618.0
088fa965485babd4b38f846743605ad16ed24729,49865252.0
088fa965485babd4b38f846743605ad16ed24729,2273184.0
4c7bfa933c11c7a802c2fa9c1dc475dba36a2bd5,144768011.0
4c7bfa933c11c7a802c2fa9c1dc475dba36a2bd5,143774641.0
4c7bfa933c11c7a802c2fa9c1dc475dba36a2bd5,40186785.0
f2ec23bfa99e582f2f96d65d411e06666a5860a8,1401199356.0
f2ec23bfa99e582f2f96d65d411e06666a5860a8,143975298.0
f2ec23bfa99e582f2f96d65d411e06666a5860a8,2114151870.0
ef41b8874c936133c687b7e9f6309dbbf45d804a,144978989.0
ef41b8874c936133c687b7e9f6309dbbf45d804a,1948783.0
ef41b8874c936133c687b7e9f6309dbbf45d804a,49865252.0
7c1bb3f136310d95e4732da60d6130d7eb4a7fc5,2146167.0
7c1bb3f136310d95e4732da60d6130d7eb4a7fc5,2076368657.0
7c1bb3f136310d95e4732da60d6130d7eb4a7fc5,2247712792.0
cca2b641ab7433209e7eb1e924e4ea31292a7477,2497275.0
cca2b641ab7433209e7eb1e924e4ea31292a7477,2441753.0
cca2b641ab7433209e7eb1e924e4ea31292a7477,6943123.0
4d77cbb83ff2eb85e52a455e95e7a09c440e5ccd,1720195.0
4d77cbb83ff2eb85e52a455e95e7a09c440e5ccd,20154699.0
4d77cbb83ff2eb85e52a455e95e7a09c440e5ccd,48395540.0
96fce12309b0b3a9a4d3f7200f16ff704bf38284,36187161.0
96fce12309b0b3a9a4d3f7200f16ff704bf38284,144164474.0
96fce12309b0b3a9a4d3f7200f16ff704bf38284,48380236.0
4b190f29fdfd9d9c33491dccc9de7c24af9b74f7,37037209.0
4b190f29fdfd9d9c33491dccc9de7c24af9b74f7,1572944977.0
4b190f29fdfd9d9c33491dccc9de7c24af9b74f7,84430451.0
8c24601d94997f4254d44026df77e861b4231eac,32682543.0
8c24601d94997f4254d44026df77e861b4231eac,21845095.0
8c24601d94997f4254d44026df77e861b4231eac,51396990.0
6bf743f12612eefe748f0ee66c71057f0ce8b2bb,3265714.0
6bf743f12612eefe748f0ee66c71057f0ce8b2bb,144518215.0
6bf743f12612eefe748f0ee66c71057f0ce8b2bb,153302678.0
2b4ec96f0c04ea205d3d9ce25c77986d6766ee4c,2082907063.0
2b4ec96f0c04ea205d3d9ce25c77986d6766ee4c,144565371.0
2b4ec96f0c04ea205d3d9ce25c77986d6766ee4c,10790574.0
0099389bdab89755e33780a15d9206e11cfbddd2,35078078.0
0099389bdab89755e33780a15d9206e11cfbddd2,3083169.0
0099389bdab89755e33780a15d9206e11cfbddd2,145251954.0
d73ff43391d6dc05a907bf6bbb7ecae04e240efc,28972636.0
d73ff43391d6dc05a907bf6bbb7ecae04e240efc,1748453.0
d73ff43391d6dc05a907bf6bbb7ecae04e240efc,145802955.0
de7cff83dfd2e7ffe6286f52adc13a76dbe16c67,2146415566.0
de7cff83dfd2e7ffe6286f52adc13a76dbe16c67,1724528.0
de7cff83dfd2e7ffe6286f52adc13a76dbe16c67,1784472.0
c18a42a27ec5e2f7b9579267031d326a27fa6cb3,1734119.0
c18a42a27ec5e2f7b9579267031d326a27fa6cb3,145568138.0
c18a42a27ec5e2f7b9579267031d326a27fa6cb3,3012649.0
05bbc3079659d6990aa90d24564c4656202755c6,93088018.0
05bbc3079659d6990aa90d24564c4656202755c6,2711754.0
05bbc3079659d6990aa90d24564c4656202755c6,2072422622.0
5e63e47cb3386b032ec43a92ce5980466228c761,2149390974.0
5e63e47cb3386b032ec43a92ce5980466228c761,93253225.0
5e63e47cb3386b032ec43a92ce5980466228c761,1709053.0
527c2be12d95c8a95e9eb9ed8714df59cd4eb4c5,1685522.0
527c2be12d95c8a95e9eb9ed8714df59cd4eb4c5,2086361492.0
527c2be12d95c8a95e9eb9ed8714df59cd4eb4c5,153334178.0
984572ffe791b5340bf0b3a7e2e049cbfdb808e2,1585890027.0
984572ffe791b5340bf0b3a7e2e049cbfdb808e2,2109575289.0
984572ffe791b5340bf0b3a7e2e049cbfdb808e2,4347079.0
d50eb299d0ce9024cab0483556572d3eaf466c8e,1727782.0
d50eb299d0ce9024cab0483556572d3eaf466c8e,51006560.0
d50eb299d0ce9024cab0483556572d3eaf466c8e,1710630.0
d873ca587904ee6c1823a78995f77cee849e4c9f,10375334.0
d873ca587904ee6c1823a78995f77cee849e4c9f,143960475.0
d873ca587904ee6c1823a78995f77cee849e4c9f,1605658912.0
a01a325c6f0e63146e7161d55f9b8e4a43df760e,1715859.0
a01a325c6f0e63146e7161d55f9b8e4a43df760e,49588046.0
a01a325c6f0e63146e7161d55f9b8e4a43df760e,1753253.0
65d8b3c080ccc3d3f0e354a4a307d778932cb441,51903792.0
65d8b3c080ccc3d3f0e354a4a307d778932cb441,5084447.0
65d8b3c080ccc3d3f0e354a4a307d778932cb441,3393153.0
e4a5541d7dfb7cb11ca0ff86f840da540a2140b9,34230689.0
e4a5541d7dfb7cb11ca0ff86f840da540a2140b9,34828439.0
e4a5541d7dfb7cb11ca0ff86f840da540a2140b9,32163737.0
28a697d97e51bed8afd01f89d28c25e8e5c65360,67035902.0
28a697d97e51bed8afd01f89d28c25e8e5c65360,2245791141.0
28a697d97e51bed8afd01f89d28c25e8e5c65360,2781539.0
9d6df0c771cd88153705f7822e5b70765bd75321,2150913371.0
9d6df0c771cd88153705f7822e5b70765bd75321,2739468.0
9d6df0c771cd88153705f7822e5b70765bd75321,3018223.0
55d5dcd9f042ef5ea40b6d0f7eff75df254b99d6,2980450.0
55d5dcd9f042ef5ea40b6d0f7eff75df254b99d6,47935169.0
55d5dcd9f042ef5ea40b6d0f7eff75df254b99d6,2711754.0
8df07e1dc23ea017ad417784895363aa598752f4,102394267.0
8df07e1dc23ea017ad417784895363aa598752f4,31904485.0
8df07e1dc23ea017ad417784895363aa598752f4,4953836.0
0c4b25139e57bdd1ea86e872906deadcf9053764,2069382338.0
0c4b25139e57bdd1ea86e872906deadcf9053764,2053781980.0
0c4b25139e57bdd1ea86e872906deadcf9053764,3512025.0
473a4d94774b4f46219348d9b3c14dc6fd7c2f21,145139947.0
473a4d94774b4f46219348d9b3c14dc6fd7c2f21,40833997.0
473a4d94774b4f46219348d9b3c14dc6fd7c2f21,1485435660.0
2a0dbd60f1f3f76f16b73cd14dcfb9a33e298a2c,2098305749.0
2a0dbd60f1f3f76f16b73cd14dcfb9a33e298a2c,48747347.0
2a0dbd60f1f3f76f16b73cd14dcfb9a33e298a2c,39168440.0
f431475390a0a19b2fde1eb6e6b360c438b44968,1793652.0
f431475390a0a19b2fde1eb6e6b360c438b44968,1922284334.0
f431475390a0a19b2fde1eb6e6b360c438b44968,3382158.0
ff1934a103c32b8214e346047459f50039f78017,144199803.0
ff1934a103c32b8214e346047459f50039f78017,32478749.0
ff1934a103c32b8214e346047459f50039f78017,16033319.0
76b85069c84056ef5b412e0c540250a4ecaa8ef3,50408701.0
76b85069c84056ef5b412e0c540250a4ecaa8ef3,1947387.0
76b85069c84056ef5b412e0c540250a4ecaa8ef3,2923325.0
f2f51a5f1e2edface850ff423536091f5d344ab0,40362338.0
f2f51a5f1e2edface850ff423536091f5d344ab0,50617031.0
f2f51a5f1e2edface850ff423536091f5d344ab0,5878244.0
b5f95887c3f0998906841b84e03fe1e99422bbab,1733143.0
b5f95887c3f0998906841b84e03fe1e99422bbab,51884035.0
b5f95887c3f0998906841b84e03fe1e99422bbab,2657155.0
f99f099427d81978706373c3b5022726b03d2607,145276593.0
f99f099427d81978706373c3b5022726b03d2607,49696663.0
f99f099427d81978706373c3b5022726b03d2607,2927870.0
c5ee3dde6eca0eafa53919b423dd94abae9e6573,1778446.0
c5ee3dde6eca0eafa53919b423dd94abae9e6573,1401199158.0
c5ee3dde6eca0eafa53919b423dd94abae9e6573,2107366100.0
b4c06d1040185de46805041f8c5977bee7ac6e5c,46254662.0
b4c06d1040185de46805041f8c5977bee7ac6e5c,4910251.0
b4c06d1040185de46805041f8c5977bee7ac6e5c,2288911787.0
b987db72959e565266dab809dd6965a29f72846f,2214806.0
b987db72959e565266dab809dd6965a29f72846f,2152198093.0
b987db72959e565266dab809dd6965a29f72846f,153884534.0
e51fe5e9f39538a4b936a99ffa11a12f9c27c967,144718788.0
e51fe5e9f39538a4b936a99ffa11a12f9c27c967,6677994.0
e51fe5e9f39538a4b936a99ffa11a12f9c27c967,49696663.0
df0926379fa3d34d99a12be72148dbc9cabcd529,2631572.0
df0926379fa3d34d99a12be72148dbc9cabcd529,152266553.0
df0926379fa3d34d99a12be72148dbc9cabcd529,4494854.0
8e974bfd6b38bdda9946c6be59bdc8415a895873,153468945.0
8e974bfd6b38bdda9946c6be59bdc8415a895873,1666420491.0
8e974bfd6b38bdda9946c6be59bdc8415a895873,2229811224.0
059f5771d19fe395f3b6d69dc4bafa22152ff1d7,116910680.0
059f5771d19fe395f3b6d69dc4bafa22152ff1d7,145262829.0
059f5771d19fe395f3b6d69dc4bafa22152ff1d7,2114151870.0
6add25af24f567d9508f4b1f4fd7620d0b752e69,2037681254.0
6add25af24f567d9508f4b1f4fd7620d0b752e69,143728483.0
6add25af24f567d9508f4b1f4fd7620d0b752e69,2784440.0
cd461d873b39f434a5171622166eb719f1d6e5d1,2839934.0
cd461d873b39f434a5171622166eb719f1d6e5d1,31707454.0
cd461d873b39f434a5171622166eb719f1d6e5d1,1454363000.0
c0985494b16273b1c18847675340001fbcd9f7e7,93088018.0
c0985494b16273b1c18847675340001fbcd9f7e7,8663048.0
c0985494b16273b1c18847675340001fbcd9f7e7,9705767.0
74316800076e912c776d4a4aa870cfe8c5fa2063,2823712.0
74316800076e912c776d4a4aa870cfe8c5fa2063,2110993359.0
74316800076e912c776d4a4aa870cfe8c5fa2063,2132924.0
b58e98029d53d69ccc7089dca7b01bf050b5ad2b,2109506860.0
b58e98029d53d69ccc7089dca7b01bf050b5ad2b,3456687.0
b58e98029d53d69ccc7089dca7b01bf050b5ad2b,2355783.0
2d34c2d4ab26d5b9f901dd9c57f9acf0dad079c6,2563117.0
2d34c2d4ab26d5b9f901dd9c57f9acf0dad079c6,2071710499.0
2d34c2d4ab26d5b9f901dd9c57f9acf0dad079c6,4764355.0
5b6ba7a04d1245d7233af9874206f8b9e8fe1c44,2273472080.0
5b6ba7a04d1245d7233af9874206f8b9e8fe1c44,38959541.0
5b6ba7a04d1245d7233af9874206f8b9e8fe1c44,5883735.0
553aecdf18ab01ab456d59fd5252ac93294033ed,88817685.0
553aecdf18ab01ab456d59fd5252ac93294033ed,2924097.0
553aecdf18ab01ab456d59fd5252ac93294033ed,51309767.0
7378ece4303e7741d98f5cdde4aef931b771da60,2768275.0
7378ece4303e7741d98f5cdde4aef931b771da60,144440084.0
7378ece4303e7741d98f5cdde4aef931b771da60,145017151.0
7841e5e365a69475a108317dabfcead9719cde26,2472541.0
7841e5e365a69475a108317dabfcead9719cde26,145032158.0
7841e5e365a69475a108317dabfcead9719cde26,2082443935.0
e73917930fa390944c2bc5fe5695299b2dc9db72,2081591992.0
e73917930fa390944c2bc5fe5695299b2dc9db72,5470749.0
e73917930fa390944c2bc5fe5695299b2dc9db72,70985296.0
81c5d725581ead15ac80698b0e472ec93f7edbfc,1779435.0
81c5d725581ead15ac80698b0e472ec93f7edbfc,40547304.0
81c5d725581ead15ac80698b0e472ec93f7edbfc,1967156.0
4c01ae3022cfeeb4ab0f679d708ecd67fe156c74,4713521.0
4c01ae3022cfeeb4ab0f679d708ecd67fe156c74,2456852.0
4c01ae3022cfeeb4ab0f679d708ecd67fe156c74,2113623689.0
f9c602cc436a9ea2f9e7db48c77d924e09ce3c32,2090818.0
f9c602cc436a9ea2f9e7db48c77d924e09ce3c32,144060663.0
f9c602cc436a9ea2f9e7db48c77d924e09ce3c32,2110201006.0
9c9d7247f8c51ec5a02b0d911d1d7b9e8160495d,1938854376.0
9c9d7247f8c51ec5a02b0d911d1d7b9e8160495d,2247708692.0
9c9d7247f8c51ec5a02b0d911d1d7b9e8160495d,40632644.0
f9c990b1b5724e50e5632b94fdb7484ece8a6ce7,5634144.0
f9c990b1b5724e50e5632b94fdb7484ece8a6ce7,40115662.0
f9c990b1b5724e50e5632b94fdb7484ece8a6ce7,1776968.0
bc00ff34ec7772080c7039b17f7069a2f7df0889,1398712006.0
bc00ff34ec7772080c7039b17f7069a2f7df0889,48760281.0
bc00ff34ec7772080c7039b17f7069a2f7df0889,32750186.0
d422df8bff4e677a3077635db116679d25142bfc,27492553.0
d422df8bff4e677a3077635db116679d25142bfc,2288412393.0
d422df8bff4e677a3077635db116679d25142bfc,33272847.0
9f5b82d9915d0752957602224c5056be7e749c83,1700974.0
9f5b82d9915d0752957602224c5056be7e749c83,51131802.0
9f5b82d9915d0752957602224c5056be7e749c83,2715187.0
794b3ffd28d28606230efc975eeec9f0522fb139,40281699.0
794b3ffd28d28606230efc975eeec9f0522fb139,12765843.0
794b3ffd28d28606230efc975eeec9f0522fb139,144200398.0
0090023afc66cd2741568599057f4e82b566137c,2252110423.0
0090023afc66cd2741568599057f4e82b566137c,2337683.0
0090023afc66cd2741568599057f4e82b566137c,46470189.0
730ca170962a58607e092035beb2afc4b5fa6242,1753253.0
730ca170962a58607e092035beb2afc4b5fa6242,39517703.0
730ca170962a58607e092035beb2afc4b5fa6242,145514740.0
360ca02e6f5a5e1af3dce4866a257aafc2d6d6f5,3422914.0
360ca02e6f5a5e1af3dce4866a257aafc2d6d6f5,1703204.0
360ca02e6f5a5e1af3dce4866a257aafc2d6d6f5,14332753.0
168f28ac3c8c7ea63bf7ed25f2288e8b67e2fe74,144958605.0
168f28ac3c8c7ea63bf7ed25f2288e8b67e2fe74,2655417.0
168f28ac3c8c7ea63bf7ed25f2288e8b67e2fe74,2337651.0
554894f70b28dba58b396c2d84080ac01051261b,1780708283.0
554894f70b28dba58b396c2d84080ac01051261b,3165065.0
554894f70b28dba58b396c2d84080ac01051261b,3793520.0
807c1f19047f96083e13614f7ce20f2ac98c239a,2064203013.0
807c1f19047f96083e13614f7ce20f2ac98c239a,2680276.0
807c1f19047f96083e13614f7ce20f2ac98c239a,119628938.0
597bd2e45427563cdf025e53a3239006aa364cfc,35002762.0
597bd2e45427563cdf025e53a3239006aa364cfc,28308419.0
597bd2e45427563cdf025e53a3239006aa364cfc,11371884.0
2e2089ae76fe914706e6fa90081a79c8fe01611e,40867019.0
2e2089ae76fe914706e6fa90081a79c8fe01611e,100893630.0
2e2089ae76fe914706e6fa90081a79c8fe01611e,145253407.0
b0c34618ffd1154f35863e2ce7250ac6b6f2c424,153334178.0
b0c34618ffd1154f35863e2ce7250ac6b6f2c424,1399485590.0
b0c34618ffd1154f35863e2ce7250ac6b6f2c424,39428234.0
5c39e37022661f81f79e481240ed9b175dec6513,1925678.0
5c39e37022661f81f79e481240ed9b175dec6513,3468294.0
5c39e37022661f81f79e481240ed9b175dec6513,
668b1277fbece28c4841eeab1c97e4ebd0079700,2086209119.0
668b1277fbece28c4841eeab1c97e4ebd0079700,2742129.0
668b1277fbece28c4841eeab1c97e4ebd0079700,1715741.0
2e62d1345b340d5fda3b092c460264b9543bc4b5,50169373.0
2e62d1345b340d5fda3b092c460264b9543bc4b5,2066721.0
2e62d1345b340d5fda3b092c460264b9543bc4b5,145669099.0
f0dcc9aa31dc9b31b836bcac1b140c8c94a2982d,145762466.0
f0dcc9aa31dc9b31b836bcac1b140c8c94a2982d,2288409398.0
f0dcc9aa31dc9b31b836bcac1b140c8c94a2982d,2564432.0
4954fa180728932959997a4768411ff9136aac81,3007566.0
4954fa180728932959997a4768411ff9136aac81,144560453.0
4954fa180728932959997a4768411ff9136aac81,35430062.0
53b047e503f4c24602f376a774d653f7ed56c024,121408435.0
53b047e503f4c24602f376a774d653f7ed56c024,2404698.0
53b047e503f4c24602f376a774d653f7ed56c024,1719656.0
7872f34e2a164c5cf3c34a7a7433dc3342b6c7ea,2148733.0
7872f34e2a164c5cf3c34a7a7433dc3342b6c7ea,38455266.0
7872f34e2a164c5cf3c34a7a7433dc3342b6c7ea,3010206.0
53c9f3c34d8481adaf24df3b25581ccf1bc53f5c,1577489381.0
53c9f3c34d8481adaf24df3b25581ccf1bc53f5c,1808359.0
53c9f3c34d8481adaf24df3b25581ccf1bc53f5c,12589936.0
12d0353ce8b41b7e5409e5a4a611110aee33c7bc,1380506031.0
12d0353ce8b41b7e5409e5a4a611110aee33c7bc,38913020.0
12d0353ce8b41b7e5409e5a4a611110aee33c7bc,2150446922.0
6a6ad9eb495739f4c80e7c09598720c3d5c5dff7,2924979.0
6a6ad9eb495739f4c80e7c09598720c3d5c5dff7,153059490.0
6a6ad9eb495739f4c80e7c09598720c3d5c5dff7,74825769.0
2936cbd6a90d7153a9fa34e8e4fd947907fe7f6c,144375552.0
2936cbd6a90d7153a9fa34e8e4fd947907fe7f6c,9120887.0
2936cbd6a90d7153a9fa34e8e4fd947907fe7f6c,3117718.0
6b20af22b0734757d9ead382b201a65f9dd637cc,10750188.0
6b20af22b0734757d9ead382b201a65f9dd637cc,2108045950.0
6b20af22b0734757d9ead382b201a65f9dd637cc,47647056.0
eb9e0da8b7170e3ca4364f2f9010599c2d2556f1,1952183.0
eb9e0da8b7170e3ca4364f2f9010599c2d2556f1,144152606.0
eb9e0da8b7170e3ca4364f2f9010599c2d2556f1,145562556.0
e068be31ded63600aea068eacd12931efd2a1029,32721504.0
e068be31ded63600aea068eacd12931efd2a1029,46599370.0
e068be31ded63600aea068eacd12931efd2a1029,8924739.0
e2a85a6766b982ff7c8980e57ca6342d22493827,27257992.0
e2a85a6766b982ff7c8980e57ca6342d22493827,2174853.0
e2a85a6766b982ff7c8980e57ca6342d22493827,4565995.0
fbc6562814e08e416e28a268ce7beeaa3d0708c8,47097316.0
fbc6562814e08e416e28a268ce7beeaa3d0708c8,1744109.0
fbc6562814e08e416e28a268ce7beeaa3d0708c8,1768236.0
fa72afa9b2cbc8f0d7b05d52548906610ffbb9c5,84419869.0
fa72afa9b2cbc8f0d7b05d52548906610ffbb9c5,48326034.0
fa72afa9b2cbc8f0d7b05d52548906610ffbb9c5,2109961337.0
0b544dfe355a5070b60986319a3f51fb45d1348e,65991810.0
0b544dfe355a5070b60986319a3f51fb45d1348e,3327178.0
0b544dfe355a5070b60986319a3f51fb45d1348e,145028966.0
7feb0fc888cd55360949554db032d7d1cba9e947,1754926.0
7feb0fc888cd55360949554db032d7d1cba9e947,145607066.0
7feb0fc888cd55360949554db032d7d1cba9e947,2712446.0
ab06951251e0abfdb866694f9a23a79c72784317,37996742.0
ab06951251e0abfdb866694f9a23a79c72784317,145802955.0
ab06951251e0abfdb866694f9a23a79c72784317,4240127.0
d21703674ae562bae4a849a75847cdd9ead417df,144427183.0
d21703674ae562bae4a849a75847cdd9ead417df,40643490.0
d21703674ae562bae4a849a75847cdd9ead417df,145470411.0
9e27190f2d9b2167d4a66b88696def4585072fd5,3349721.0
9e27190f2d9b2167d4a66b88696def4585072fd5,1776968.0
9e27190f2d9b2167d4a66b88696def4585072fd5,2207598.0
2097ff87df3cb9427c7388bc7b997ed56907d45b,2565389.0
2097ff87df3cb9427c7388bc7b997ed56907d45b,144012618.0
2097ff87df3cb9427c7388bc7b997ed56907d45b,14872779.0
5d433da6d0f143f20936379910104d2bb139d4ae,47595574.0
5d433da6d0f143f20936379910104d2bb139d4ae,2100113493.0
5d433da6d0f143f20936379910104d2bb139d4ae,4019733.0
e0408181bccb7e3754dd5e6785ec47d8beb8b6bd,2265547868.0
e0408181bccb7e3754dd5e6785ec47d8beb8b6bd,145919235.0
e0408181bccb7e3754dd5e6785ec47d8beb8b6bd,7446050.0
c292e473b3825eeb9db03c70b2e1c033aea190d5,1445301871.0
c292e473b3825eeb9db03c70b2e1c033aea190d5,2198436.0
c292e473b3825eeb9db03c70b2e1c033aea190d5,1986735.0
61a1565016477b2092a212e7af0e789a250bc552,7179962.0
61a1565016477b2092a212e7af0e789a250bc552,103515845.0
61a1565016477b2092a212e7af0e789a250bc552,35277679.0
db0cc2f21b20cbc0ab8946090967399c25709614,50617031.0
db0cc2f21b20cbc0ab8946090967399c25709614,152714397.0
db0cc2f21b20cbc0ab8946090967399c25709614,145520115.0
e24b8a9531573d284647239affc6c855505b0de4,2343654.0
e24b8a9531573d284647239affc6c855505b0de4,2900468.0
e24b8a9531573d284647239affc6c855505b0de4,32750186.0
a8d76d84408c1fe6b1543084e6cec3dfc4ede429,1806086.0
a8d76d84408c1fe6b1543084e6cec3dfc4ede429,1699259.0
a8d76d84408c1fe6b1543084e6cec3dfc4ede429,2245544784.0
2afa490dde7a8c582d889530c7f8b042fef6a8b7,47746992.0
2afa490dde7a8c582d889530c7f8b042fef6a8b7,1697955.0
2afa490dde7a8c582d889530c7f8b042fef6a8b7,1398440330.0
62ccd99a65bfc7c735ae1f33b75b107665de95df,3025780.0
62ccd99a65bfc7c735ae1f33b75b107665de95df,36814983.0
62ccd99a65bfc7c735ae1f33b75b107665de95df,4989642.0
f75b70c9d7078724b592ec3e21de705e7b6ff73f,47165043.0
f75b70c9d7078724b592ec3e21de705e7b6ff73f,2053253907.0
f75b70c9d7078724b592ec3e21de705e7b6ff73f,3209734.0
7ae2783a9196fb4bc2a610ae812d19722daddce5,2112561785.0
7ae2783a9196fb4bc2a610ae812d19722daddce5,1706010.0
7ae2783a9196fb4bc2a610ae812d19722daddce5,2212030.0
bb0cec8f2d34cfb9dbf8bffd1a5de499311ae098,5368200.0
bb0cec8f2d34cfb9dbf8bffd1a5de499311ae098,2248510675.0
bb0cec8f2d34cfb9dbf8bffd1a5de499311ae098,143940091.0
62df84d6a4d26f95e4714796c2337c9848cc13b5,1984867.0
62df84d6a4d26f95e4714796c2337c9848cc13b5,2862341.0
62df84d6a4d26f95e4714796c2337c9848cc13b5,147069795.0
c5c4142a01981787a71bf6ebcb791520c458ab5d,3078382.0
c5c4142a01981787a71bf6ebcb791520c458ab5d,1829456.0
c5c4142a01981787a71bf6ebcb791520c458ab5d,144332474.0
6bc43977fb11cceed0b9aa55b23c6dd29dd9a132,153096457.0
6bc43977fb11cceed0b9aa55b23c6dd29dd9a132,1975476.0
6bc43977fb11cceed0b9aa55b23c6dd29dd9a132,144383645.0
57e6cca1479a4642f867e69b4dee93d14259dc3d,2999959.0
57e6cca1479a4642f867e69b4dee93d14259dc3d,1889237.0
57e6cca1479a4642f867e69b4dee93d14259dc3d,13084208.0
f1b962fb4070fedd46758e334db3ba4f00ddc3ec,1403596516.0
f1b962fb4070fedd46758e334db3ba4f00ddc3ec,73623574.0
f1b962fb4070fedd46758e334db3ba4f00ddc3ec,145057514.0
a9cbbef8f4426329d0687025b34287c35bdd8b38,66095908.0
a9cbbef8f4426329d0687025b34287c35bdd8b38,34872616.0
a9cbbef8f4426329d0687025b34287c35bdd8b38,143805211.0
6068d39e92aef1bb0e1291e9931894c35692a85e,1940065.0
6068d39e92aef1bb0e1291e9931894c35692a85e,2069849469.0
6068d39e92aef1bb0e1291e9931894c35692a85e,3314036.0
f156ecbbb9243522275490d698c6825f4d2e01af,3312796.0
f156ecbbb9243522275490d698c6825f4d2e01af,144863127.0
f156ecbbb9243522275490d698c6825f4d2e01af,33791144.0
4087e84fc695bb6433d0104ee94f9d7e9f4b7da5,47225423.0
4087e84fc695bb6433d0104ee94f9d7e9f4b7da5,3008587.0
4087e84fc695bb6433d0104ee94f9d7e9f4b7da5,2150913865.0
0273507eb05f1135f3a05f9c7adc9a56f12c7c5c,2287964797.0
0273507eb05f1135f3a05f9c7adc9a56f12c7c5c,1401525860.0
0273507eb05f1135f3a05f9c7adc9a56f12c7c5c,144061974.0
8ca86e941da7254613a5d03dd7a6c36886fadc1d,50185648.0
8ca86e941da7254613a5d03dd7a6c36886fadc1d,2696404.0
8ca86e941da7254613a5d03dd7a6c36886fadc1d,6664655.0
48ddd9101a90fe65e3061de69626741b843ff5e4,31909725.0
48ddd9101a90fe65e3061de69626741b843ff5e4,49933077.0
48ddd9101a90fe65e3061de69626741b843ff5e4,1775384.0
46f74231b9afeb0c290d6d550043c55045284e5f,1720617.0
46f74231b9afeb0c290d6d550043c55045284e5f,48022505.0
46f74231b9afeb0c290d6d550043c55045284e5f,2078394.0
6bc4b1376ec2812b6d752c4f6bc8d8fd0512db91,2056673.0
6bc4b1376ec2812b6d752c4f6bc8d8fd0512db91,49884811.0
6bc4b1376ec2812b6d752c4f6bc8d8fd0512db91,1865091.0
1800404340d43ba185f2b0e2b4f94201c2eeadaa,8230559.0
1800404340d43ba185f2b0e2b4f94201c2eeadaa,2148761004.0
1800404340d43ba185f2b0e2b4f94201c2eeadaa,3218124.0
a0f303b6e22ef52943355993f57d65938997066a,1778526.0
a0f303b6e22ef52943355993f57d65938997066a,144308320.0
a0f303b6e22ef52943355993f57d65938997066a,40950692.0
24d21ecaeb2d2ecc20e26a5e3f5128247704ccfe,3537654.0
24d21ecaeb2d2ecc20e26a5e3f5128247704ccfe,145073266.0
24d21ecaeb2d2ecc20e26a5e3f5128247704ccfe,3409858.0
256db9dba1978f004a67c86ffc321563b1aee79a,13084208.0
256db9dba1978f004a67c86ffc321563b1aee79a,9583743.0
256db9dba1978f004a67c86ffc321563b1aee79a,34521172.0
80d9f0eb47b712988d19cbe29a7bfa63f2a175d0,2578936.0
80d9f0eb47b712988d19cbe29a7bfa63f2a175d0,145993598.0
80d9f0eb47b712988d19cbe29a7bfa63f2a175d0,1398876428.0
2b7f9117eb6608a58be4c078ca3d69c0e5ccb875,1986735.0
2b7f9117eb6608a58be4c078ca3d69c0e5ccb875,1815350.0
2b7f9117eb6608a58be4c078ca3d69c0e5ccb875,2562040.0
b5904cd5dbf73b8d5ff13517de490c292d877ee0,83103121.0
b5904cd5dbf73b8d5ff13517de490c292d877ee0,49588046.0
b5904cd5dbf73b8d5ff13517de490c292d877ee0,144427131.0
287ba5bf00d96af1596aaf80c178392a9c4fcc28,7593607.0
287ba5bf00d96af1596aaf80c178392a9c4fcc28,2354728.0
287ba5bf00d96af1596aaf80c178392a9c4fcc28,2079910739.0
f381c53aeb7742e4047d06d84f9e0c4f523231a3,1975411.0
f381c53aeb7742e4047d06d84f9e0c4f523231a3,2631417.0
f381c53aeb7742e4047d06d84f9e0c4f523231a3,2285778110.0
4d8f0ae904779a50b2e18fec49e51a5661a98d8a,2297222.0
4d8f0ae904779a50b2e18fec49e51a5661a98d8a,145593069.0
4d8f0ae904779a50b2e18fec49e51a5661a98d8a,1922284334.0
f1664bbaddedea8c250873e7610ab07e53fa7132,2522899.0
f1664bbaddedea8c250873e7610ab07e53fa7132,1815350.0
f1664bbaddedea8c250873e7610ab07e53fa7132,2185912448.0
0d6ef817813d04a3b3ec6c3ce008e104fb3e587a,145253556.0
0d6ef817813d04a3b3ec6c3ce008e104fb3e587a,39933053.0
0d6ef817813d04a3b3ec6c3ce008e104fb3e587a,143782965.0
2e5d2f2dc01b150dffc163a9f457848e9b5b5c38,8493461.0
2e5d2f2dc01b150dffc163a9f457848e9b5b5c38,49794760.0
2e5d2f2dc01b150dffc163a9f457848e9b5b5c38,1721158.0
69d49a06f09cf934310ccbf3bb2a360fa719272d,145511581.0
69d49a06f09cf934310ccbf3bb2a360fa719272d,5774059.0
69d49a06f09cf934310ccbf3bb2a360fa719272d,145122867.0
fee8f63972906214b77f16cfeca0b93ee8f36ba2,145743805.0
fee8f63972906214b77f16cfeca0b93ee8f36ba2,2150280858.0
fee8f63972906214b77f16cfeca0b93ee8f36ba2,121592623.0
97ac11e5a6440eccb70ae7146392ac138c36fa6c,2578936.0
97ac11e5a6440eccb70ae7146392ac138c36fa6c,2079157078.0
97ac11e5a6440eccb70ae7146392ac138c36fa6c,78771575.0
74b4f16c5ac91e3e7c88ae81cc8c91416b71d151,40397337.0
74b4f16c5ac91e3e7c88ae81cc8c91416b71d151,1397958668.0
74b4f16c5ac91e3e7c88ae81cc8c91416b71d151,98280253.0
20f63033e8775cbab0692aed92d38da7e725d64e,1805323.0
20f63033e8775cbab0692aed92d38da7e725d64e,3069821.0
20f63033e8775cbab0692aed92d38da7e725d64e,49572483.0
b9518627db25f05930e931f56497602363a75491,3350812.0
b9518627db25f05930e931f56497602363a75491,2005420621.0
b9518627db25f05930e931f56497602363a75491,2114675387.0
739769f4862753fc80057194456d758d2a148ee3,34806045.0
739769f4862753fc80057194456d758d2a148ee3,1979489.0
739769f4862753fc80057194456d758d2a148ee3,47714322.0
f86f1748d1b6d22870f4347fd5d65314ba800583,1945956.0
f86f1748d1b6d22870f4347fd5d65314ba800583,40281699.0
f86f1748d1b6d22870f4347fd5d65314ba800583,33317650.0
609471b915f5764f63148c1195590b1085a5067b,46699896.0
609471b915f5764f63148c1195590b1085a5067b,2176094.0
609471b915f5764f63148c1195590b1085a5067b,48966748.0
643da4c4de1954daeac571a82367241db012a8bf,145236173.0
643da4c4de1954daeac571a82367241db012a8bf,2130382238.0
643da4c4de1954daeac571a82367241db012a8bf,7934073.0
46c266b3d1274dacd7fce27ee8cb4d587f087a58,2079716.0
46c266b3d1274dacd7fce27ee8cb4d587f087a58,1984867.0
46c266b3d1274dacd7fce27ee8cb4d587f087a58,46216076.0
f70b2f20be241f445a61f33c4b8e76e554760340,2193452377.0
f70b2f20be241f445a61f33c4b8e76e554760340,3475913.0
f70b2f20be241f445a61f33c4b8e76e554760340,2143529525.0
b7a717233ec3ff37385ab1b06816d0ca375f5bb3,39497753.0
b7a717233ec3ff37385ab1b06816d0ca375f5bb3,145628407.0
b7a717233ec3ff37385ab1b06816d0ca375f5bb3,2146553512.0
71a85e735a3686bef8cce3725ae5ba82e2cabb1b,47773335.0
71a85e735a3686bef8cce3725ae5ba82e2cabb1b,2150913747.0
71a85e735a3686bef8cce3725ae5ba82e2cabb1b,30993494.0
2bc3644ce4de7fce5812c1455e056649a47c1bbf,1854444354.0
2bc3644ce4de7fce5812c1455e056649a47c1bbf,2245796083.0
2bc3644ce4de7fce5812c1455e056649a47c1bbf,145123820.0
4a7eea3ec3080ecb277bfe466afce4822a1071d7,2444937.0
4a7eea3ec3080ecb277bfe466afce4822a1071d7,2441164.0
4a7eea3ec3080ecb277bfe466afce4822a1071d7,47935169.0
d3f9a39e49abfdf084da558e305be5473c8740e5,9460712.0
d3f9a39e49abfdf084da558e305be5473c8740e5,1697867.0
d3f9a39e49abfdf084da558e305be5473c8740e5,2801174.0
218062f45c15f39bc8f4fb2c930ddf20b5809b11,2743563.0
218062f45c15f39bc8f4fb2c930ddf20b5809b11,2181972083.0
218062f45c15f39bc8f4fb2c930ddf20b5809b11,34420171.0
d0ab11de3077490c80a08abd0fb8827bac84c454,1483726395.0
d0ab11de3077490c80a08abd0fb8827bac84c454,88637483.0
d0ab11de3077490c80a08abd0fb8827bac84c454,66053198.0
6e23398447a022fb9495c44fa80e9de593a574bc,2176850.0
6e23398447a022fb9495c44fa80e9de593a574bc,2427813.0
6e23398447a022fb9495c44fa80e9de593a574bc,2758539.0
42b1cb0030e174ba4395d987df77cfa6d112d221,4846639.0
42b1cb0030e174ba4395d987df77cfa6d112d221,1878835.0
42b1cb0030e174ba4395d987df77cfa6d112d221,1975411.0
c8c494ee5488fe20e0aa01bddf3fc4632086d654,3409867.0
c8c494ee5488fe20e0aa01bddf3fc4632086d654,143686063.0
c8c494ee5488fe20e0aa01bddf3fc4632086d654,51025128.0
92893716be3b7fed89e989dfd4ab4af5e5d8f214,72123668.0
92893716be3b7fed89e989dfd4ab4af5e5d8f214,6454443.0
92893716be3b7fed89e989dfd4ab4af5e5d8f214,36838735.0
10ffcae001fa724f9fd49fe0726c32166df9209b,3011137.0
10ffcae001fa724f9fd49fe0726c32166df9209b,144152606.0
10ffcae001fa724f9fd49fe0726c32166df9209b,1948783.0
11babff42b5bf9841ebb87781bfc21f74acb3d28,3088847.0
11babff42b5bf9841ebb87781bfc21f74acb3d28,6456015.0
11babff42b5bf9841ebb87781bfc21f74acb3d28,1804144.0
cf5e97a98460a8c4766dffb62b33cfb819b22c73,2198436.0
cf5e97a98460a8c4766dffb62b33cfb819b22c73,153334178.0
cf5e97a98460a8c4766dffb62b33cfb819b22c73,32552772.0
b03e4702c8427b2458234ff8f37358c68177ccbb,47080317.0
b03e4702c8427b2458234ff8f37358c68177ccbb,34859021.0
b03e4702c8427b2458234ff8f37358c68177ccbb,2053253907.0
6c96408fc1e34effc99ec4cc35b5561ef0c1fed3,1745672.0
6c96408fc1e34effc99ec4cc35b5561ef0c1fed3,144978989.0
6c96408fc1e34effc99ec4cc35b5561ef0c1fed3,2354728.0
9cf22346cf0219f32480259848c8ac7ed5519291,2000504448.0
9cf22346cf0219f32480259848c8ac7ed5519291,1878835.0
9cf22346cf0219f32480259848c8ac7ed5519291,144189527.0
5d62ffc9a5527d1fd52342ff3359c2bb5e7cc4de,1854444354.0
5d62ffc9a5527d1fd52342ff3359c2bb5e7cc4de,48380236.0
5d62ffc9a5527d1fd52342ff3359c2bb5e7cc4de,2114280962.0
5dfde01d761d97c3a6c609007531973eb1229d09,2691377.0
5dfde01d761d97c3a6c609007531973eb1229d09,48022505.0
5dfde01d761d97c3a6c609007531973eb1229d09,2337651.0
95543515c290a9d0c6c3f7b94e8087936950b40c,145568138.0
95543515c290a9d0c6c3f7b94e8087936950b40c,4778970.0
95543515c290a9d0c6c3f7b94e8087936950b40c,2805081.0
fa2d3edeb7c3ad333028e6089458d1175d16cae2,2165664267.0
fa2d3edeb7c3ad333028e6089458d1175d16cae2,13852284.0
fa2d3edeb7c3ad333028e6089458d1175d16cae2,50462631.0
be86963ce9b0580f7778b797c2076726371b13ec,3218124.0
be86963ce9b0580f7778b797c2076726371b13ec,2162971809.0
be86963ce9b0580f7778b797c2076726371b13ec,34936176.0
e7af4716dd7c0b6601c0929d54a6404af6df5a33,2053597278.0
e7af4716dd7c0b6601c0929d54a6404af6df5a33,34806122.0
e7af4716dd7c0b6601c0929d54a6404af6df5a33,144440741.0
0856f7c043b812e684593ed989151e2300e789de,7408951.0
0856f7c043b812e684593ed989151e2300e789de,1398366208.0
0856f7c043b812e684593ed989151e2300e789de,1797840.0
d5ab4aab4d30bc9f76151a50ca509030e5c1bcdc,89420937.0
d5ab4aab4d30bc9f76151a50ca509030e5c1bcdc,1952183.0
d5ab4aab4d30bc9f76151a50ca509030e5c1bcdc,3009531.0
30c2433a934ead817308aa05ae42728f6b743af3,15291510.0
30c2433a934ead817308aa05ae42728f6b743af3,151505981.0
30c2433a934ead817308aa05ae42728f6b743af3,35277679.0
3f4297e1acabb25b9dd96462d8e9adfdca8e2dd7,2654622.0
3f4297e1acabb25b9dd96462d8e9adfdca8e2dd7,6273548.0
3f4297e1acabb25b9dd96462d8e9adfdca8e2dd7,1720617.0
d7ed878c08c90186e3bf607c20ff943834ad0d68,143837407.0
d7ed878c08c90186e3bf607c20ff943834ad0d68,38455266.0
d7ed878c08c90186e3bf607c20ff943834ad0d68,28552618.0
0accf351494c1586fc9694100ec3d99444f1b4e7,2345044.0
0accf351494c1586fc9694100ec3d99444f1b4e7,3117718.0
0accf351494c1586fc9694100ec3d99444f1b4e7,1922284334.0
e7d9c306138b3a583c48d9a3d46a5597221deaae,2708164.0
e7d9c306138b3a583c48d9a3d46a5597221deaae,3114252.0
e7d9c306138b3a583c48d9a3d46a5597221deaae,2150913498.0
1a8e864093212caf1ec98c207c55cc21d4dc5775,2110195795.0
1a8e864093212caf1ec98c207c55cc21d4dc5775,38816202.0
1a8e864093212caf1ec98c207c55cc21d4dc5775,88886095.0
292e6cf64909bea4a84eef2c7ca7b21efe80b51b,1697324.0
292e6cf64909bea4a84eef2c7ca7b21efe80b51b,4230536.0
292e6cf64909bea4a84eef2c7ca7b21efe80b51b,3422908.0
55e022fb7581bb9e1fce678d21fb25ffbb3fbb88,2069668754.0
55e022fb7581bb9e1fce678d21fb25ffbb3fbb88,2544559.0
55e022fb7581bb9e1fce678d21fb25ffbb3fbb88,145807368.0
469f509688c53285af68c708e5c317b6df2ad6a2,144109291.0
469f509688c53285af68c708e5c317b6df2ad6a2,2150280858.0
469f509688c53285af68c708e5c317b6df2ad6a2,21821453.0
eefa2a53c635ebb011eb4b2410b6c7c65f4e51a5,2323321.0
eefa2a53c635ebb011eb4b2410b6c7c65f4e51a5,1711320.0
eefa2a53c635ebb011eb4b2410b6c7c65f4e51a5,83103152.0
2f4df08d9072fc2ac181b7fced6a245315ce05c8,2110165413.0
2f4df08d9072fc2ac181b7fced6a245315ce05c8,2005420621.0
2f4df08d9072fc2ac181b7fced6a245315ce05c8,3217039.0
8823f1bc6c008ed0081a42d7ab9b5f05ea2f605f,144374835.0
8823f1bc6c008ed0081a42d7ab9b5f05ea2f605f,145341779.0
8823f1bc6c008ed0081a42d7ab9b5f05ea2f605f,5774059.0
014722151ee576e0361910b31f30902942f6a15a,50408701.0
014722151ee576e0361910b31f30902942f6a15a,1979489.0
014722151ee576e0361910b31f30902942f6a15a,3968465.0
487b1794b8d7025f6fbf5e1bcf32b14b0618d8fd,145236173.0
487b1794b8d7025f6fbf5e1bcf32b14b0618d8fd,48174487.0
487b1794b8d7025f6fbf5e1bcf32b14b0618d8fd,145810617.0
863b9432378270b1ba79f7f0532970cd1a214740,31904485.0
863b9432378270b1ba79f7f0532970cd1a214740,15291510.0
863b9432378270b1ba79f7f0532970cd1a214740,1390051934.0
1f9ebb1040f948b4b1caff16ad7a7e0ae7bb42d3,2095762.0
1f9ebb1040f948b4b1caff16ad7a7e0ae7bb42d3,2051758169.0
1f9ebb1040f948b4b1caff16ad7a7e0ae7bb42d3,145642373.0
b461d4f3c0da5bcb5a9fd6b09ba2aaddf6be2324,38019464.0
b461d4f3c0da5bcb5a9fd6b09ba2aaddf6be2324,143958048.0
b461d4f3c0da5bcb5a9fd6b09ba2aaddf6be2324,144632403.0
2bc472478247173b25aaf5e12f2604a74a8d2063,15916544.0
2bc472478247173b25aaf5e12f2604a74a8d2063,2075619.0
2bc472478247173b25aaf5e12f2604a74a8d2063,51914702.0
1f3652b98b825f2ec4fd4a5c2bd2416377eef8b0,2337683.0
1f3652b98b825f2ec4fd4a5c2bd2416377eef8b0,1406613521.0
1f3652b98b825f2ec4fd4a5c2bd2416377eef8b0,2108101280.0
805cf2ec243c7b085e172b3d5ada11fd275dd4df,145367596.0
805cf2ec243c7b085e172b3d5ada11fd275dd4df,2148733.0
805cf2ec243c7b085e172b3d5ada11fd275dd4df,1881041.0
9c6eca31f311eae935e84efa6966c0165bc4e14a,2923325.0
9c6eca31f311eae935e84efa6966c0165bc4e14a,46599370.0
9c6eca31f311eae935e84efa6966c0165bc4e14a,3451474.0
cd773d9b82f8331f5b2910ec2f52388aafb6dbfd,2144296163.0
cd773d9b82f8331f5b2910ec2f52388aafb6dbfd,2036336.0
cd773d9b82f8331f5b2910ec2f52388aafb6dbfd,1471609826.0
ff6af0d04b36bfcf16a70e22f4815013ef2f59f0,153750193.0
ff6af0d04b36bfcf16a70e22f4815013ef2f59f0,145057514.0
ff6af0d04b36bfcf16a70e22f4815013ef2f59f0,2472607.0
ac65e6ccf8a54ec4f296808c0b10774f2c2a4aaa,34806045.0
ac65e6ccf8a54ec4f296808c0b10774f2c2a4aaa,2069734184.0
ac65e6ccf8a54ec4f296808c0b10774f2c2a4aaa,2065113442.0
25cd63c0728876505cac2c09af072198563f8df0,2228185935.0
25cd63c0728876505cac2c09af072198563f8df0,145762466.0
25cd63c0728876505cac2c09af072198563f8df0,3451474.0
9108230681fb2a789a47aa43b3b3a2e42b800d3d,2226941370.0
9108230681fb2a789a47aa43b3b3a2e42b800d3d,1784721.0
9108230681fb2a789a47aa43b3b3a2e42b800d3d,1744109.0
4c5e6d601575d9d88afc405af821ddd79788a5d6,2065759766.0
4c5e6d601575d9d88afc405af821ddd79788a5d6,1397413838.0
4c5e6d601575d9d88afc405af821ddd79788a5d6,2073870505.0
07fdff9dae9ea9ba32c251669b3b7a66269930f9,47508912.0
07fdff9dae9ea9ba32c251669b3b7a66269930f9,3114252.0
07fdff9dae9ea9ba32c251669b3b7a66269930f9,1854342.0
a368b002477d8a57dff40fd41bf79c4d9041fe64,2069499885.0
a368b002477d8a57dff40fd41bf79c4d9041fe64,116246793.0
a368b002477d8a57dff40fd41bf79c4d9041fe64,143774641.0
7d1a9c693af4f099c3c7b8e2a8c92c5525105dd2,2149373363.0
7d1a9c693af4f099c3c7b8e2a8c92c5525105dd2,2453092.0
7d1a9c693af4f099c3c7b8e2a8c92c5525105dd2,1776336.0
fdb813d8b927bdd21ae1858cafa6c34b66a36268,2345515.0
fdb813d8b927bdd21ae1858cafa6c34b66a36268,3512025.0
fdb813d8b927bdd21ae1858cafa6c34b66a36268,3715983.0
72e82166511d953a49ac97f8d4cef1da26dddf21,2247710033.0
72e82166511d953a49ac97f8d4cef1da26dddf21,144485183.0
72e82166511d953a49ac97f8d4cef1da26dddf21,84717638.0
e3ad973cbaaae8e28aa237c13fc5328ed4eb752d,2067827437.0
e3ad973cbaaae8e28aa237c13fc5328ed4eb752d,2579653.0
e3ad973cbaaae8e28aa237c13fc5328ed4eb752d,79734689.0
64f16d43358b08cf9522dac2d0bc2683f8d4a1ab,1702139.0
64f16d43358b08cf9522dac2d0bc2683f8d4a1ab,144923779.0
64f16d43358b08cf9522dac2d0bc2683f8d4a1ab,34185195.0
07a34b86a4394d532dcaa6db38701297893bcb4e,2245561.0
07a34b86a4394d532dcaa6db38701297893bcb4e,1491081747.0
07a34b86a4394d532dcaa6db38701297893bcb4e,11577423.0
7a6ae9d856c2850f8175e211122b375c5428c1f0,4324350.0
7a6ae9d856c2850f8175e211122b375c5428c1f0,145134886.0
7a6ae9d856c2850f8175e211122b375c5428c1f0,6547025.0
dfd72b994765a1979c6872fc8948657885a31752,47714322.0
dfd72b994765a1979c6872fc8948657885a31752,144491689.0
dfd72b994765a1979c6872fc8948657885a31752,49934155.0
fd9aef292d9f8e092f4627bbc4fc3377b55ab6b5,1380506031.0
fd9aef292d9f8e092f4627bbc4fc3377b55ab6b5,2087374732.0
fd9aef292d9f8e092f4627bbc4fc3377b55ab6b5,1413991996.0
f15aecec2a5672beaae77853ea0eea560505df8e,4149364.0
f15aecec2a5672beaae77853ea0eea560505df8e,2033382.0
f15aecec2a5672beaae77853ea0eea560505df8e,101467742.0
f3fc543fb0ebc7cb51a22823d298e14cc2b222a6,31733967.0
f3fc543fb0ebc7cb51a22823d298e14cc2b222a6,2055146425.0
f3fc543fb0ebc7cb51a22823d298e14cc2b222a6,36397553.0
a23fa96e7217ba0e9405d9e1fe3cdedd57b6e096,5403432.0
a23fa96e7217ba0e9405d9e1fe3cdedd57b6e096,35016672.0
a23fa96e7217ba0e9405d9e1fe3cdedd57b6e096,3335364.0
e65f148eb5a60ab701dd54931363afbb1cf30eae,66511259.0
e65f148eb5a60ab701dd54931363afbb1cf30eae,35561551.0
e65f148eb5a60ab701dd54931363afbb1cf30eae,2082907063.0
88e8a250f8e28544fe7b74db72ec18a7627ea456,1783217.0
88e8a250f8e28544fe7b74db72ec18a7627ea456,39168440.0
88e8a250f8e28544fe7b74db72ec18a7627ea456,51021910.0
77725617432f5fa9c37f152918694ff39c7b1957,30137838.0
77725617432f5fa9c37f152918694ff39c7b1957,2055386592.0
77725617432f5fa9c37f152918694ff39c7b1957,47066334.0
90ce37d2df4b89cc5454e421d4b2dce5f27def74,3052644.0
90ce37d2df4b89cc5454e421d4b2dce5f27def74,2286686831.0
90ce37d2df4b89cc5454e421d4b2dce5f27def74,21207111.0
f397d5e75e8799cebf32a9e095b4cc4f02fe7cac,1410137287.0
f397d5e75e8799cebf32a9e095b4cc4f02fe7cac,52113800.0
f397d5e75e8799cebf32a9e095b4cc4f02fe7cac,1980031.0
86eeb603370514857780464c902d992020a0c94c,35430062.0
86eeb603370514857780464c902d992020a0c94c,10750188.0
86eeb603370514857780464c902d992020a0c94c,119726475.0
c577c6835cf29b109c8c647abb61a1245ddcb6d8,144108902.0
c577c6835cf29b109c8c647abb61a1245ddcb6d8,35089933.0
c577c6835cf29b109c8c647abb61a1245ddcb6d8,2427813.0
b7eac64a8410976759445cce235469163d23ee65,145714153.0
b7eac64a8410976759445cce235469163d23ee65,2966951.0
b7eac64a8410976759445cce235469163d23ee65,2735174.0
b8601c86905b0184b9387b042400609febb93d10,145023884.0
b8601c86905b0184b9387b042400609febb93d10,48703443.0
b8601c86905b0184b9387b042400609febb93d10,2285778110.0
5c1e86ad3071d5ebd963fa5f84033b836266337d,92284568.0
5c1e86ad3071d5ebd963fa5f84033b836266337d,1753253.0
5c1e86ad3071d5ebd963fa5f84033b836266337d,1927553.0
a6cfe02d90260640a151a2cd172b2bf3b000b738,2118581438.0
a6cfe02d90260640a151a2cd172b2bf3b000b738,2111700.0
a6cfe02d90260640a151a2cd172b2bf3b000b738,144518416.0
fb4915611ad787c74d44ebb53f886e5802204593,41018505.0
fb4915611ad787c74d44ebb53f886e5802204593,49588046.0
fb4915611ad787c74d44ebb53f886e5802204593,144883195.0
9358d2ae944cfbdcb4b48e2e0c5f7ad97118b74e,143680978.0
9358d2ae944cfbdcb4b48e2e0c5f7ad97118b74e,1950529.0
9358d2ae944cfbdcb4b48e2e0c5f7ad97118b74e,32960372.0
f58b61d70caca32c265c39f539c81730b842a3df,1691615.0
f58b61d70caca32c265c39f539c81730b842a3df,48401711.0
f58b61d70caca32c265c39f539c81730b842a3df,2039588.0
d8af6a45eaea68adda8597ae65f91ece152f7b21,2328333.0
d8af6a45eaea68adda8597ae65f91ece152f7b21,2584015.0
d8af6a45eaea68adda8597ae65f91ece152f7b21,1398092385.0
d9acae36f15e4b6fb4a9dc31777321f2526fd43b,2117189654.0
d9acae36f15e4b6fb4a9dc31777321f2526fd43b,1596827301.0
d9acae36f15e4b6fb4a9dc31777321f2526fd43b,2518097.0
07c704709448988b6247032277b04e9190d16008,2150913840.0
07c704709448988b6247032277b04e9190d16008,145520115.0
07c704709448988b6247032277b04e9190d16008,143840956.0
1365b4a286e607a4902ef11c84a1f309719d946c,1706504.0
1365b4a286e607a4902ef11c84a1f309719d946c,36347083.0
1365b4a286e607a4902ef11c84a1f309719d946c,1685187.0
21b58c8aba44c173493e418a797a1f36c6dae8a9,80249328.0
21b58c8aba44c173493e418a797a1f36c6dae8a9,1706504.0
21b58c8aba44c173493e418a797a1f36c6dae8a9,3180311.0
9d67af2158807aa815b5a4485b076f7a18ce6ab4,6199292.0
9d67af2158807aa815b5a4485b076f7a18ce6ab4,2105795.0
9d67af2158807aa815b5a4485b076f7a18ce6ab4,143616731.0
f7ab6c52be9351ac3f6cf8fe6ad5efba1c1595e8,145150727.0
f7ab6c52be9351ac3f6cf8fe6ad5efba1c1595e8,153096457.0
f7ab6c52be9351ac3f6cf8fe6ad5efba1c1595e8,144226508.0
1d6a5d0299ed8458191e4e0407d4d513e6a7dd7e,46848946.0
1d6a5d0299ed8458191e4e0407d4d513e6a7dd7e,32830771.0
1d6a5d0299ed8458191e4e0407d4d513e6a7dd7e,35664117.0
dc3f8c8513441915408ab0549e9ac5f2f2f31eec,2652412.0
dc3f8c8513441915408ab0549e9ac5f2f2f31eec,1388739874.0
dc3f8c8513441915408ab0549e9ac5f2f2f31eec,32288781.0
7e92c50e680819486365949ee7ef2adce7d0704b,47941411.0
7e92c50e680819486365949ee7ef2adce7d0704b,4114666.0
7e92c50e680819486365949ee7ef2adce7d0704b,1945956.0
64e23f006fda19bbbbc324b1353851ebca95aa02,3218124.0
64e23f006fda19bbbbc324b1353851ebca95aa02,30030809.0
64e23f006fda19bbbbc324b1353851ebca95aa02,2247705646.0
9b15362b9a025071aa170f7ed81a761bc057c859,144205048.0
9b15362b9a025071aa170f7ed81a761bc057c859,2404094.0
9b15362b9a025071aa170f7ed81a761bc057c859,2150913597.0
bc7d49fcd26042c755f1ab663f8b93351e6768fa,1742250014.0
bc7d49fcd26042c755f1ab663f8b93351e6768fa,1862110.0
bc7d49fcd26042c755f1ab663f8b93351e6768fa,94451829.0
68dd4b89ce1407372a29d05ca9e4e1a2e0513617,2975900.0
68dd4b89ce1407372a29d05ca9e4e1a2e0513617,1402728137.0
68dd4b89ce1407372a29d05ca9e4e1a2e0513617,7407598.0
9f93e2de4c24acd3ffb10efae1c849a63830148d,39370406.0
9f93e2de4c24acd3ffb10efae1c849a63830148d,2072422622.0
9f93e2de4c24acd3ffb10efae1c849a63830148d,2118581438.0
88512be44744615f4baa8e14f600f036db4c2433,1722062.0
88512be44744615f4baa8e14f600f036db4c2433,2082443935.0
88512be44744615f4baa8e14f600f036db4c2433,50233727.0
e9de7cc307b6c2a39383ef1a9acbca1ea3dfe27c,47131776.0
e9de7cc307b6c2a39383ef1a9acbca1ea3dfe27c,51043865.0
e9de7cc307b6c2a39383ef1a9acbca1ea3dfe27c,3215011.0
d0e25741c5f840a5783e3536cf732a8415697112,1885282835.0
d0e25741c5f840a5783e3536cf732a8415697112,2114675387.0
d0e25741c5f840a5783e3536cf732a8415697112,
27ff37bd17a5e59149e645184ed4a0c2fb9cf2f2,2475746.0
27ff37bd17a5e59149e645184ed4a0c2fb9cf2f2,143774641.0
27ff37bd17a5e59149e645184ed4a0c2fb9cf2f2,1883943.0
64a1dbdd7653eaca25c78e87335ee156b6f6959e,145724066.0
64a1dbdd7653eaca25c78e87335ee156b6f6959e,2006606048.0
64a1dbdd7653eaca25c78e87335ee156b6f6959e,1410832522.0
582259e5d9cc29eb0148d6232c5579241f2c4f43,6456015.0
582259e5d9cc29eb0148d6232c5579241f2c4f43,2119112.0
582259e5d9cc29eb0148d6232c5579241f2c4f43,39855252.0
5e207a9ebda631d34681c5ad3b53979ee8cb985d,2422996.0
5e207a9ebda631d34681c5ad3b53979ee8cb985d,145465219.0
5e207a9ebda631d34681c5ad3b53979ee8cb985d,1795430.0
f64e1106e93928a4f49071f20d80d4a18d184c1d,1748515.0
f64e1106e93928a4f49071f20d80d4a18d184c1d,2395456.0
f64e1106e93928a4f49071f20d80d4a18d184c1d,4505843.0
b2324651155468c9b6bef8a2e006272126d17608,1739816.0
b2324651155468c9b6bef8a2e006272126d17608,47165043.0
b2324651155468c9b6bef8a2e006272126d17608,5517714.0
b1e79800ff36c1708d350e019641f423be78b494,1776622.0
b1e79800ff36c1708d350e019641f423be78b494,50169373.0
b1e79800ff36c1708d350e019641f423be78b494,1806086.0
adad17ef6f347440cab909e417920ea3888bf2cb,2246377.0
adad17ef6f347440cab909e417920ea3888bf2cb,1614034792.0
adad17ef6f347440cab909e417920ea3888bf2cb,1414102859.0
2b1fbf14de0381a48c736e625fbb1329d71c798c,
2b1fbf14de0381a48c736e625fbb1329d71c798c,1893645.0
2b1fbf14de0381a48c736e625fbb1329d71c798c,145674725.0
7fc9a268aeebfa25b77a784fb47d0959523cff00,1679177.0
7fc9a268aeebfa25b77a784fb47d0959523cff00,27492553.0
7fc9a268aeebfa25b77a784fb47d0959523cff00,144427183.0
948fd800ecdd3c99488dde36b41480ca1b8acce3,2150913485.0
948fd800ecdd3c99488dde36b41480ca1b8acce3,34814856.0
948fd800ecdd3c99488dde36b41480ca1b8acce3,1760750.0
95cd83603a0d2b6918a8e34a5637a8f382da96f5,2068251407.0
95cd83603a0d2b6918a8e34a5637a8f382da96f5,1776336.0
95cd83603a0d2b6918a8e34a5637a8f382da96f5,46847647.0
98128fd412ebfa90201a276f2c59020ccc696a75,2072740070.0
98128fd412ebfa90201a276f2c59020ccc696a75,47300432.0
98128fd412ebfa90201a276f2c59020ccc696a75,2716670.0
da692ee969d9c33986196372c3f7cb87fa6b6f8f,2262177.0
da692ee969d9c33986196372c3f7cb87fa6b6f8f,2742508.0
da692ee969d9c33986196372c3f7cb87fa6b6f8f,2413442.0
6e1e6afb314f9c5a24d744252a30aa5efc313571,2862871.0
6e1e6afb314f9c5a24d744252a30aa5efc313571,1978283.0
6e1e6afb314f9c5a24d744252a30aa5efc313571,144918570.0
0f5c63182b5d40850c741888a89e6c055a3593af,2337683.0
0f5c63182b5d40850c741888a89e6c055a3593af,48694885.0
0f5c63182b5d40850c741888a89e6c055a3593af,5307931.0
51da1eab2d350b5aa0eeebf83fba7caae3a3bc29,1402417041.0
51da1eab2d350b5aa0eeebf83fba7caae3a3bc29,47628266.0
51da1eab2d350b5aa0eeebf83fba7caae3a3bc29,2105830200.0
16b0744424f02e01fe2f01b3ea03e2862f1359fc,3141801.0
16b0744424f02e01fe2f01b3ea03e2862f1359fc,145044578.0
16b0744424f02e01fe2f01b3ea03e2862f1359fc,2034349.0
f986968735459e789890f24b6b277b0920a9725d,145632581.0
f986968735459e789890f24b6b277b0920a9725d,1753210.0
f986968735459e789890f24b6b277b0920a9725d,1388739874.0
93d5369a0be3134c6018373d5290923f3d718815,144893958.0
93d5369a0be3134c6018373d5290923f3d718815,47874999.0
93d5369a0be3134c6018373d5290923f3d718815,47330346.0
d2c733e34d48784a37d717fe43d9e93277a8c53e,3148925.0
d2c733e34d48784a37d717fe43d9e93277a8c53e,2265547868.0
d2c733e34d48784a37d717fe43d9e93277a8c53e,1729232.0
02613d6e3ecf67ed9ae8ce67a35a92f3986bc4cf,1747102.0
02613d6e3ecf67ed9ae8ce67a35a92f3986bc4cf,37895334.0
02613d6e3ecf67ed9ae8ce67a35a92f3986bc4cf,49688447.0
7f19972754ac0c15329666b3a6efbf569b27d8d5,2980450.0
7f19972754ac0c15329666b3a6efbf569b27d8d5,145150727.0
7f19972754ac0c15329666b3a6efbf569b27d8d5,2363439.0
3283f9c33e4b3fbd51d58a54dc236a92f5a98f80,2445241.0
3283f9c33e4b3fbd51d58a54dc236a92f5a98f80,47003172.0
3283f9c33e4b3fbd51d58a54dc236a92f5a98f80,38899048.0
9f7626c7af925b7b69f1ba86ceb916d21bc03dbe,48524102.0
9f7626c7af925b7b69f1ba86ceb916d21bc03dbe,37272802.0
9f7626c7af925b7b69f1ba86ceb916d21bc03dbe,3079444.0
b204970b0503a923359bff532726666f5e0e971b,2258460322.0
b204970b0503a923359bff532726666f5e0e971b,1942300.0
b204970b0503a923359bff532726666f5e0e971b,92972280.0
3aca912f21d54b3931fa1fdfac0c199c557374a4,144891282.0
3aca912f21d54b3931fa1fdfac0c199c557374a4,3458428.0
3aca912f21d54b3931fa1fdfac0c199c557374a4,143958048.0
633f318876c41fed36b3905b8af5fdc27f734615,20154699.0
633f318876c41fed36b3905b8af5fdc27f734615,40603727.0
633f318876c41fed36b3905b8af5fdc27f734615,48740398.0
a98753021c6a076a5307f4dfb7fd1fcb14089910,2090818.0
a98753021c6a076a5307f4dfb7fd1fcb14089910,2467795.0
a98753021c6a076a5307f4dfb7fd1fcb14089910,1413944992.0
68c03788224000794d5491ab459be0b2a2c38677,1938854376.0
68c03788224000794d5491ab459be0b2a2c38677,48446759.0
68c03788224000794d5491ab459be0b2a2c38677,2110188466.0
d87ceda3042f781c341ac17109d1e94a717f5f60,150208494.0
d87ceda3042f781c341ac17109d1e94a717f5f60,2150913834.0
d87ceda3042f781c341ac17109d1e94a717f5f60,2902641.0
54cc1f2e86d1913521b466cef19d72ed02b6c800,46550919.0
54cc1f2e86d1913521b466cef19d72ed02b6c800,7435343.0
54cc1f2e86d1913521b466cef19d72ed02b6c800,2082299938.0
0e5bccdedb82fbafece8ca71d64b16ff05ec9145,66095908.0
0e5bccdedb82fbafece8ca71d64b16ff05ec9145,2857653.0
0e5bccdedb82fbafece8ca71d64b16ff05ec9145,11637450.0
57dfc18815bba1c3737dbc2e5497fd1fc595edb5,1980031.0
57dfc18815bba1c3737dbc2e5497fd1fc595edb5,47258944.0
57dfc18815bba1c3737dbc2e5497fd1fc595edb5,35323115.0
66470cf9df2f932f80094a309abcc14bcc1b9373,9695572.0
66470cf9df2f932f80094a309abcc14bcc1b9373,2067479253.0
66470cf9df2f932f80094a309abcc14bcc1b9373,1726428.0
6a074a3fa856e86b2e6bc60e83d66cc488090ae9,1403960481.0
6a074a3fa856e86b2e6bc60e83d66cc488090ae9,39978391.0
6a074a3fa856e86b2e6bc60e83d66cc488090ae9,1999001881.0
bbe6e5fcc96e685db714d6aa11ffe6f49567c585,2058906182.0
bbe6e5fcc96e685db714d6aa11ffe6f49567c585,1561777696.0
bbe6e5fcc96e685db714d6aa11ffe6f49567c585,2056417995.0
e6ce8255f48e3736f0a5fa0d85fb43c700d4f743,9110576.0
e6ce8255f48e3736f0a5fa0d85fb43c700d4f743,101317594.0
e6ce8255f48e3736f0a5fa0d85fb43c700d4f743,2956683.0
c6b3ca4f939e36a9679a70e14ce8b1bbbc5618f3,2146285954.0
c6b3ca4f939e36a9679a70e14ce8b1bbbc5618f3,40383812.0
c6b3ca4f939e36a9679a70e14ce8b1bbbc5618f3,50698089.0
9a1ed876196ec9733acb1daa6d65e35ff0414291,32326419.0
9a1ed876196ec9733acb1daa6d65e35ff0414291,2523983.0
9a1ed876196ec9733acb1daa6d65e35ff0414291,9110576.0
8b3b8848a311c501e704c45c6d50430ab7068956,50408701.0
8b3b8848a311c501e704c45c6d50430ab7068956,2150913272.0
8b3b8848a311c501e704c45c6d50430ab7068956,2495527.0
317325439a0ce543d7629848a35adea04b6e7d12,13084208.0
317325439a0ce543d7629848a35adea04b6e7d12,1800114.0
317325439a0ce543d7629848a35adea04b6e7d12,2273684870.0
7b1d8dfb9e6260685d9fbb8c41bfc0a35710fe41,29619587.0
7b1d8dfb9e6260685d9fbb8c41bfc0a35710fe41,145073266.0
7b1d8dfb9e6260685d9fbb8c41bfc0a35710fe41,2474559.0
f80a6ab4b0cfae0d00747f0f41f3e643f22f33ee,3294751.0
f80a6ab4b0cfae0d00747f0f41f3e643f22f33ee,3356708.0
f80a6ab4b0cfae0d00747f0f41f3e643f22f33ee,47165043.0
716000409a3a2e2c75801b3d58b9b17b68eeaef7,1756353.0
716000409a3a2e2c75801b3d58b9b17b68eeaef7,144604924.0
716000409a3a2e2c75801b3d58b9b17b68eeaef7,1801645.0
76eb8e5688ee2951e5f04fb14956abf93a890149,3350812.0
76eb8e5688ee2951e5f04fb14956abf93a890149,144863127.0
76eb8e5688ee2951e5f04fb14956abf93a890149,1490485491.0
80e394ee3e1834091596e8b55c9ad9bf11456e09,144613163.0
80e394ee3e1834091596e8b55c9ad9bf11456e09,1500736873.0
80e394ee3e1834091596e8b55c9ad9bf11456e09,145848848.0
1976c9eeccc7115d18a04f1e7fb5145db6b96002,144579085.0
1976c9eeccc7115d18a04f1e7fb5145db6b96002,40271958.0
1976c9eeccc7115d18a04f1e7fb5145db6b96002,2735763.0
c07eca9862e0144aa4c0c29c7978caa6eff60e2f,1722400.0
c07eca9862e0144aa4c0c29c7978caa6eff60e2f,1694224.0
c07eca9862e0144aa4c0c29c7978caa6eff60e2f,88739531.0
8c1a1e761b715b23668b4f850e2bcc958fa21ad2,1389995130.0
8c1a1e761b715b23668b4f850e2bcc958fa21ad2,8297290.0
8c1a1e761b715b23668b4f850e2bcc958fa21ad2,2074101437.0
298d799da82395a64a3bda38ef9d2a4646828ccb,40299241.0
298d799da82395a64a3bda38ef9d2a4646828ccb,1982425.0
298d799da82395a64a3bda38ef9d2a4646828ccb,2245791141.0
dc52d1ede1b90bf9d296bc5b34c9310b7eaa99a2,2288412276.0
dc52d1ede1b90bf9d296bc5b34c9310b7eaa99a2,145072875.0
dc52d1ede1b90bf9d296bc5b34c9310b7eaa99a2,2363439.0
80777d42513103bede188b2eebbdce7fb6f91390,2109425376.0
80777d42513103bede188b2eebbdce7fb6f91390,1784721.0
80777d42513103bede188b2eebbdce7fb6f91390,2286764736.0
5ef2cf7b7aa6f7e44488d5db5409ef7f76b9ef9a,1835006.0
5ef2cf7b7aa6f7e44488d5db5409ef7f76b9ef9a,2143567339.0
5ef2cf7b7aa6f7e44488d5db5409ef7f76b9ef9a,144643812.0
ceee6447b291f8052a28c9eb00ca360d6f39f9b1,12765843.0
ceee6447b291f8052a28c9eb00ca360d6f39f9b1,12065535.0
ceee6447b291f8052a28c9eb00ca360d6f39f9b1,2065113442.0
761020759f7e9f84c3ac77f59a42862cc6a6004e,1399162888.0
761020759f7e9f84c3ac77f59a42862cc6a6004e,1722400.0
761020759f7e9f84c3ac77f59a42862cc6a6004e,2531746.0
cdad2f8ca559f425ab7fa402535354a86b0a370a,87122962.0
cdad2f8ca559f425ab7fa402535354a86b0a370a,3317624.0
cdad2f8ca559f425ab7fa402535354a86b0a370a,2212030.0
11f647b95a7c9a94c346cd8dc53987105cb0f7c1,48859109.0
11f647b95a7c9a94c346cd8dc53987105cb0f7c1,1491611469.0
11f647b95a7c9a94c346cd8dc53987105cb0f7c1,144369609.0
6dd9508b8311852afec88bce55283551da5aa7b7,34566811.0
6dd9508b8311852afec88bce55283551da5aa7b7,32552772.0
6dd9508b8311852afec88bce55283551da5aa7b7,1742250014.0
d7c78b7071ea150346320e5b43a03824263e0fa9,33650230.0
d7c78b7071ea150346320e5b43a03824263e0fa9,150237239.0
d7c78b7071ea150346320e5b43a03824263e0fa9,2345714.0
82524ddee00fa0895dfca43995a7ec8bdb16f0d5,3473834.0
82524ddee00fa0895dfca43995a7ec8bdb16f0d5,1723099.0
82524ddee00fa0895dfca43995a7ec8bdb16f0d5,2183294.0
d364903a626ad70e6ce057209d9b7e004dafd4be,30707576.0
d364903a626ad70e6ce057209d9b7e004dafd4be,4011830.0
d364903a626ad70e6ce057209d9b7e004dafd4be,2207598.0
b7599c8ba88e7c93edbce57df513152e8f5693e7,1731453.0
b7599c8ba88e7c93edbce57df513152e8f5693e7,145937021.0
b7599c8ba88e7c93edbce57df513152e8f5693e7,145600821.0
1f53996347086be3bd3a32da0976ba2db7687988,144477172.0
1f53996347086be3bd3a32da0976ba2db7687988,144259957.0
1f53996347086be3bd3a32da0976ba2db7687988,2090755379.0
bb967168ead7a14adcb0121dcf24a930d1a383b3,1730104.0
bb967168ead7a14adcb0121dcf24a930d1a383b3,1681236.0
bb967168ead7a14adcb0121dcf24a930d1a383b3,28084517.0
4bd970a37c59c97804ff93cbb2c108e081de3a37,144375552.0
4bd970a37c59c97804ff93cbb2c108e081de3a37,3340189.0
4bd970a37c59c97804ff93cbb2c108e081de3a37,48173549.0
6ad9053940676fca029dabdc7937e5d854df61e0,4019733.0
6ad9053940676fca029dabdc7937e5d854df61e0,145582788.0
6ad9053940676fca029dabdc7937e5d854df61e0,1403596516.0
62f5ffb09a4c9543509c38f005b9c6eb308c6974,2735519.0
62f5ffb09a4c9543509c38f005b9c6eb308c6974,2166424886.0
62f5ffb09a4c9543509c38f005b9c6eb308c6974,15671883.0
0e466ea033b982519f351022304dccb64a46b93c,4829125.0
0e466ea033b982519f351022304dccb64a46b93c,2045314941.0
0e466ea033b982519f351022304dccb64a46b93c,2931623.0
072a0db716fb6f8332323f076b71554716a7271c,2041192.0
072a0db716fb6f8332323f076b71554716a7271c,48332298.0
072a0db716fb6f8332323f076b71554716a7271c,47746992.0
9667f8264745b626c6173b1310e2ff0298b09cfc,31863769.0
9667f8264745b626c6173b1310e2ff0298b09cfc,2105763418.0
9667f8264745b626c6173b1310e2ff0298b09cfc,2080690.0
c369c9a40a36b013be3ef9c19a068f2d6578e4c3,2077822.0
c369c9a40a36b013be3ef9c19a068f2d6578e4c3,13852284.0
c369c9a40a36b013be3ef9c19a068f2d6578e4c3,2058163.0
288b317e427c6bf4c94d455049bd1368ff2071eb,2441164.0
288b317e427c6bf4c94d455049bd1368ff2071eb,145992457.0
288b317e427c6bf4c94d455049bd1368ff2071eb,1737505.0
3b073a5e7de5513705a7e2a7b1c88d3acbeed82c,144643812.0
3b073a5e7de5513705a7e2a7b1c88d3acbeed82c,145011589.0
3b073a5e7de5513705a7e2a7b1c88d3acbeed82c,31707454.0
95162f20fa22a8cfe84b74aa118f18a6f04eb1ab,26351048.0
95162f20fa22a8cfe84b74aa118f18a6f04eb1ab,3793520.0
95162f20fa22a8cfe84b74aa118f18a6f04eb1ab,2515978.0
41abf43dc718e271299457bce65bccfe3feeb9d6,2150913621.0
41abf43dc718e271299457bce65bccfe3feeb9d6,2315950.0
41abf43dc718e271299457bce65bccfe3feeb9d6,144259957.0
908091b4a8757c3b2f7d9cfa2c4f616ee12c5157,2116031156.0
908091b4a8757c3b2f7d9cfa2c4f616ee12c5157,6032764.0
908091b4a8757c3b2f7d9cfa2c4f616ee12c5157,35078078.0
5a2892f91addeea2f4600d28b23e684be32f5b2c,2518097.0
5a2892f91addeea2f4600d28b23e684be32f5b2c,1751762.0
5a2892f91addeea2f4600d28b23e684be32f5b2c,5993490.0
092c275005ae49dc1303214f6d02d134457c7053,47156042.0
092c275005ae49dc1303214f6d02d134457c7053,2605200.0
092c275005ae49dc1303214f6d02d134457c7053,2056155905.0
90bc0ca3feebe0215079cf575b90017170a0089f,3475913.0
90bc0ca3feebe0215079cf575b90017170a0089f,145123820.0
90bc0ca3feebe0215079cf575b90017170a0089f,2116084112.0
e8104b335a4e499f7b79b913a92d23263c82f6b6,1685187.0
e8104b335a4e499f7b79b913a92d23263c82f6b6,145912651.0
e8104b335a4e499f7b79b913a92d23263c82f6b6,2247710033.0
cb56121bc38e0f4b44bcb5296a12038626152e96,71619391.0
cb56121bc38e0f4b44bcb5296a12038626152e96,1412757151.0
cb56121bc38e0f4b44bcb5296a12038626152e96,2062880835.0
960e7494ef4ec5964407488080f249104cd218f0,
960e7494ef4ec5964407488080f249104cd218f0,115740923.0
960e7494ef4ec5964407488080f249104cd218f0,2742508.0
6d96f946aaabc734af7fe3fc4454cf8547fcd5ed,101251726.0
6d96f946aaabc734af7fe3fc4454cf8547fcd5ed,3350812.0
6d96f946aaabc734af7fe3fc4454cf8547fcd5ed,40281699.0
d71af418eeb9f5a68062929bae12af74773ffcb2,145920814.0
d71af418eeb9f5a68062929bae12af74773ffcb2,2421691.0
d71af418eeb9f5a68062929bae12af74773ffcb2,2146167.0
3a2b869533620d2dfa076522321983c537b3c175,12335828.0
3a2b869533620d2dfa076522321983c537b3c175,31904485.0
3a2b869533620d2dfa076522321983c537b3c175,2248510675.0
a8db50edfe26a6ae33a6787e2049de5bacd18666,1975476.0
a8db50edfe26a6ae33a6787e2049de5bacd18666,2111236786.0
a8db50edfe26a6ae33a6787e2049de5bacd18666,2768028.0
bc744742f1644c9cab6b9535ab0bd6f2eed320bb,2652412.0
bc744742f1644c9cab6b9535ab0bd6f2eed320bb,2226941370.0
bc744742f1644c9cab6b9535ab0bd6f2eed320bb,6677994.0
b307d55ba07058d6183991d2d2a81b340d558186,50365495.0
b307d55ba07058d6183991d2d2a81b340d558186,48244799.0
b307d55ba07058d6183991d2d2a81b340d558186,1757686.0
61533dd9e41f20e2f5deaf22afb04c94b4071eac,51389678.0
61533dd9e41f20e2f5deaf22afb04c94b4071eac,2247711511.0
61533dd9e41f20e2f5deaf22afb04c94b4071eac,48740398.0
f8928221d290a9cdd84d1de52e121373bc836caa,2115648970.0
f8928221d290a9cdd84d1de52e121373bc836caa,1410118534.0
f8928221d290a9cdd84d1de52e121373bc836caa,2405143.0
50819fdfb666fdabb12f00e93e0d7e43ba4ba4bd,40867019.0
50819fdfb666fdabb12f00e93e0d7e43ba4ba4bd,2363556.0
50819fdfb666fdabb12f00e93e0d7e43ba4ba4bd,2076086.0
3d1ba71a1c3b7302e12ab3d07bf4a8451db5aad0,47429813.0
3d1ba71a1c3b7302e12ab3d07bf4a8451db5aad0,51297621.0
3d1ba71a1c3b7302e12ab3d07bf4a8451db5aad0,3409867.0
5cf0d213f3253cd46673d955209f8463db73cc51,2265951264.0
5cf0d213f3253cd46673d955209f8463db73cc51,47258944.0
5cf0d213f3253cd46673d955209f8463db73cc51,2839934.0
804836b8ad86ef8042e3dcbd45442a52f031ee03,39908645.0
804836b8ad86ef8042e3dcbd45442a52f031ee03,2077580009.0
804836b8ad86ef8042e3dcbd45442a52f031ee03,2118729790.0
e274c1b6e17825feab52de205fd0bc4917d5be6c,153469888.0
e274c1b6e17825feab52de205fd0bc4917d5be6c,1694224.0
e274c1b6e17825feab52de205fd0bc4917d5be6c,145298005.0
e3f2391513693647e0ea87bfa86cd89e468f51d0,2194791.0
e3f2391513693647e0ea87bfa86cd89e468f51d0,2143529525.0
e3f2391513693647e0ea87bfa86cd89e468f51d0,145529134.0
8c8b7c1adb6f077bb3045928767b8bc6763e0c06,2544559.0
8c8b7c1adb6f077bb3045928767b8bc6763e0c06,1746807.0
8c8b7c1adb6f077bb3045928767b8bc6763e0c06,147069795.0
73a254f05fa694dc11a5efc5a033a8f1a4c84fd0,144560453.0
73a254f05fa694dc11a5efc5a033a8f1a4c84fd0,1807652.0
73a254f05fa694dc11a5efc5a033a8f1a4c84fd0,1800114.0
8035e5002b7b0898ca7fa8263d09fe4454c6e4fd,2071819069.0
8035e5002b7b0898ca7fa8263d09fe4454c6e4fd,2222550405.0
8035e5002b7b0898ca7fa8263d09fe4454c6e4fd,2052279359.0
ea35cd7fd2c46f86232f21ef73239f34f2d180a6,88886095.0
ea35cd7fd2c46f86232f21ef73239f34f2d180a6,1397413838.0
ea35cd7fd2c46f86232f21ef73239f34f2d180a6,67091521.0
eb960b5d56ed1368991eaa4f40cb7afee66edb1f,2086709953.0
eb960b5d56ed1368991eaa4f40cb7afee66edb1f,2966951.0
eb960b5d56ed1368991eaa4f40cb7afee66edb1f,48965924.0
2c0aaeb420e1cd2d767a1797b2ded62e0d2ee426,1697955.0
2c0aaeb420e1cd2d767a1797b2ded62e0d2ee426,1883943.0
2c0aaeb420e1cd2d767a1797b2ded62e0d2ee426,5538503.0
ba90ae48b30594b57a5ca7bfd37cae150458ecfa,2548167.0
ba90ae48b30594b57a5ca7bfd37cae150458ecfa,2111236786.0
ba90ae48b30594b57a5ca7bfd37cae150458ecfa,5060612.0
26c075104d0ea1177cce4bd2d5c5d9eef93b8a3b,1987744.0
26c075104d0ea1177cce4bd2d5c5d9eef93b8a3b,3148925.0
26c075104d0ea1177cce4bd2d5c5d9eef93b8a3b,2239461.0
dc8b25e35a3acb812beb499844734081722319b4,8493461.0
dc8b25e35a3acb812beb499844734081722319b4,2085348595.0
dc8b25e35a3acb812beb499844734081722319b4,144359100.0
f89df7381ea8febb419fae473725e44931f6b22c,87973648.0
f89df7381ea8febb419fae473725e44931f6b22c,47429813.0
f89df7381ea8febb419fae473725e44931f6b22c,2927870.0
