START_ID,END_ID,editorName,reviewPolicy
458166b3-de17-4bf3-bbbb-e53782de2f0f,49421615.0,April Graham,5
458166b3-de17-4bf3-bbbb-e53782de2f0f,145276593.0,April Graham,5
458166b3-de17-4bf3-bbbb-e53782de2f0f,3365871.0,April Graham,5
458166b3-de17-4bf3-bbbb-e53782de2f0f,2420527.0,April Graham,5
458166b3-de17-4bf3-bbbb-e53782de2f0f,5878244.0,April Graham,5
759663ae-c1b4-41ef-9231-384ab473d4b4,3011137.0,Dr. Nichole Moore DVM,5
759663ae-c1b4-41ef-9231-384ab473d4b4,1752093.0,Dr. Nichole Moore DVM,5
759663ae-c1b4-41ef-9231-384ab473d4b4,143724980.0,Dr. Nichole Moore DVM,5
759663ae-c1b4-41ef-9231-384ab473d4b4,3308747.0,Dr. Nichole Moore DVM,5
759663ae-c1b4-41ef-9231-384ab473d4b4,144477172.0,Dr. Nichole Moore DVM,5
2f5d0e8a-faad-4f10-b323-2b2e3c439a78,39855252.0,Brian Abbott,4
2f5d0e8a-faad-4f10-b323-2b2e3c439a78,40051261.0,Brian Abbott,4
2f5d0e8a-faad-4f10-b323-2b2e3c439a78,49794760.0,Brian Abbott,4
2f5d0e8a-faad-4f10-b323-2b2e3c439a78,2109648685.0,Brian Abbott,4
0a96e67f-c1f1-491d-ab41-4c2c50b523a2,1885282835.0,Travis Vasquez,4
0a96e67f-c1f1-491d-ab41-4c2c50b523a2,4008126.0,Travis Vasquez,4
0a96e67f-c1f1-491d-ab41-4c2c50b523a2,2066104199.0,Travis Vasquez,4
0a96e67f-c1f1-491d-ab41-4c2c50b523a2,1508337194.0,Travis Vasquez,4
c6840156-ee10-4d78-8832-7f8909811576,3229889.0,Cassandra Ferguson,5
c6840156-ee10-4d78-8832-7f8909811576,2942661.0,Cassandra Ferguson,5
c6840156-ee10-4d78-8832-7f8909811576,51043865.0,Cassandra Ferguson,5
c6840156-ee10-4d78-8832-7f8909811576,2288022262.0,Cassandra Ferguson,5
c6840156-ee10-4d78-8832-7f8909811576,2742129.0,Cassandra Ferguson,5
41dbb273-8d18-4a45-8154-852882a37b34,2064484968.0,Emily Smith,3
41dbb273-8d18-4a45-8154-852882a37b34,2239461.0,Emily Smith,3
41dbb273-8d18-4a45-8154-852882a37b34,105017157.0,Emily Smith,3
099483df-e8f2-4bee-805d-8a69f07b6cbf,2931623.0,Charlene Howard,5
099483df-e8f2-4bee-805d-8a69f07b6cbf,151505981.0,Charlene Howard,5
099483df-e8f2-4bee-805d-8a69f07b6cbf,1401282143.0,Charlene Howard,5
099483df-e8f2-4bee-805d-8a69f07b6cbf,1688844.0,Charlene Howard,5
099483df-e8f2-4bee-805d-8a69f07b6cbf,145920814.0,Charlene Howard,5
d60da343-ab92-4310-b3d7-2c0860287a9d,1397640656.0,Michelle Baker,4
d60da343-ab92-4310-b3d7-2c0860287a9d,8625236.0,Michelle Baker,4
d60da343-ab92-4310-b3d7-2c0860287a9d,1987744.0,Michelle Baker,4
d60da343-ab92-4310-b3d7-2c0860287a9d,3347596.0,Michelle Baker,4
d60da343-ab92-4310-b3d7-2c0860287a9d,144603086.0,Matthew Howard,3
d60da343-ab92-4310-b3d7-2c0860287a9d,144418842.0,Matthew Howard,3
d60da343-ab92-4310-b3d7-2c0860287a9d,2141320829.0,Matthew Howard,3
b3a217d4-f456-4394-9e5b-b39ab19d1b3e,3317624.0,Ashley Stein,3
b3a217d4-f456-4394-9e5b-b39ab19d1b3e,2545358.0,Ashley Stein,3
b3a217d4-f456-4394-9e5b-b39ab19d1b3e,1388063052.0,Ashley Stein,3
f458795b-af97-4b7c-ba4e-d57bbb57f90a,1885282835.0,Shelly Mueller,3
f458795b-af97-4b7c-ba4e-d57bbb57f90a,21766681.0,Shelly Mueller,3
f458795b-af97-4b7c-ba4e-d57bbb57f90a,1380212948.0,Shelly Mueller,3
4d9ce1c4-dc84-46b9-903e-e3751c00c7dd,1722393.0,Andre Hernandez,5
4d9ce1c4-dc84-46b9-903e-e3751c00c7dd,145309512.0,Andre Hernandez,5
4d9ce1c4-dc84-46b9-903e-e3751c00c7dd,6454443.0,Andre Hernandez,5
4d9ce1c4-dc84-46b9-903e-e3751c00c7dd,2735519.0,Andre Hernandez,5
4d9ce1c4-dc84-46b9-903e-e3751c00c7dd,2073870505.0,Andre Hernandez,5
c3875580-2cce-4a95-a094-fff60bb381b9,145616379.0,Seth Torres,3
c3875580-2cce-4a95-a094-fff60bb381b9,2159040.0,Seth Torres,3
c3875580-2cce-4a95-a094-fff60bb381b9,2078196952.0,Seth Torres,3
3c27e831-750f-45bc-9914-2148a5259eba,2052279359.0,Susan Mason,5
3c27e831-750f-45bc-9914-2148a5259eba,1873696.0,Susan Mason,5
3c27e831-750f-45bc-9914-2148a5259eba,2066846163.0,Susan Mason,5
3c27e831-750f-45bc-9914-2148a5259eba,145708428.0,Susan Mason,5
3c27e831-750f-45bc-9914-2148a5259eba,5227767.0,Susan Mason,5
4d899b46-b5c8-436e-8ce3-084673ea8905,16126099.0,Alicia Collins,5
4d899b46-b5c8-436e-8ce3-084673ea8905,143680978.0,Alicia Collins,5
4d899b46-b5c8-436e-8ce3-084673ea8905,2404698.0,Alicia Collins,5
4d899b46-b5c8-436e-8ce3-084673ea8905,3043859.0,Alicia Collins,5
4d899b46-b5c8-436e-8ce3-084673ea8905,2150913865.0,Alicia Collins,5
1f6f3f05-6a23-42f0-8d31-98ab8089c1f2,1725192.0,Karen Jackson,4
1f6f3f05-6a23-42f0-8d31-98ab8089c1f2,3681654.0,Karen Jackson,4
1f6f3f05-6a23-42f0-8d31-98ab8089c1f2,2114151870.0,Karen Jackson,4
1f6f3f05-6a23-42f0-8d31-98ab8089c1f2,1910476.0,Karen Jackson,4
79af09a2-54e8-4f97-8edf-9fba208ab744,144085315.0,Jennifer Martin,5
79af09a2-54e8-4f97-8edf-9fba208ab744,48506828.0,Jennifer Martin,5
79af09a2-54e8-4f97-8edf-9fba208ab744,2150913793.0,Jennifer Martin,5
79af09a2-54e8-4f97-8edf-9fba208ab744,2074778406.0,Jennifer Martin,5
79af09a2-54e8-4f97-8edf-9fba208ab744,40632644.0,Jennifer Martin,5
7fac555d-41ef-410c-9c84-ed584a9cff7f,1398936369.0,Samantha Juarez,5
7fac555d-41ef-410c-9c84-ed584a9cff7f,2442390.0,Samantha Juarez,5
7fac555d-41ef-410c-9c84-ed584a9cff7f,1968560.0,Samantha Juarez,5
7fac555d-41ef-410c-9c84-ed584a9cff7f,1994178.0,Samantha Juarez,5
7fac555d-41ef-410c-9c84-ed584a9cff7f,51079948.0,Samantha Juarez,5
62924b2a-8fb8-4b93-92c6-735516b49af0,4376295.0,Rebecca Foster,5
62924b2a-8fb8-4b93-92c6-735516b49af0,3110049.0,Rebecca Foster,5
62924b2a-8fb8-4b93-92c6-735516b49af0,144978989.0,Rebecca Foster,5
62924b2a-8fb8-4b93-92c6-735516b49af0,1945956.0,Rebecca Foster,5
62924b2a-8fb8-4b93-92c6-735516b49af0,152943696.0,Rebecca Foster,5
c3875580-2cce-4a95-a094-fff60bb381b9,47582418.0,Kelly Owen,5
c3875580-2cce-4a95-a094-fff60bb381b9,144152606.0,Kelly Owen,5
c3875580-2cce-4a95-a094-fff60bb381b9,50185648.0,Kelly Owen,5
c3875580-2cce-4a95-a094-fff60bb381b9,14215968.0,Kelly Owen,5
c3875580-2cce-4a95-a094-fff60bb381b9,1729256.0,Kelly Owen,5
961301b0-6f5a-44a6-9216-54b673cded78,2057642721.0,John Wolfe,5
961301b0-6f5a-44a6-9216-54b673cded78,2086209119.0,John Wolfe,5
961301b0-6f5a-44a6-9216-54b673cded78,5993490.0,John Wolfe,5
961301b0-6f5a-44a6-9216-54b673cded78,47508912.0,John Wolfe,5
961301b0-6f5a-44a6-9216-54b673cded78,32685970.0,John Wolfe,5
17bac89e-3dba-467a-b9d4-71e3baefb08b,2124469104.0,Christopher Jacobson,3
17bac89e-3dba-467a-b9d4-71e3baefb08b,39963433.0,Christopher Jacobson,3
17bac89e-3dba-467a-b9d4-71e3baefb08b,2297234.0,Christopher Jacobson,3
c6840156-ee10-4d78-8832-7f8909811576,50462631.0,Jeremy Stuart,5
c6840156-ee10-4d78-8832-7f8909811576,2579653.0,Jeremy Stuart,5
c6840156-ee10-4d78-8832-7f8909811576,2839934.0,Jeremy Stuart,5
c6840156-ee10-4d78-8832-7f8909811576,2110420880.0,Jeremy Stuart,5
c6840156-ee10-4d78-8832-7f8909811576,39135119.0,Jeremy Stuart,5
bb95bf2e-8383-4748-bf9d-d6906d091085,2771337.0,Matthew Perez,4
bb95bf2e-8383-4748-bf9d-d6906d091085,2395456.0,Matthew Perez,4
bb95bf2e-8383-4748-bf9d-d6906d091085,2122130929.0,Matthew Perez,4
bb95bf2e-8383-4748-bf9d-d6906d091085,145818351.0,Matthew Perez,4
aa746a02-d187-42c2-bdf9-df6a5d4e648c,1776622.0,Shane Church,5
aa746a02-d187-42c2-bdf9-df6a5d4e648c,143805211.0,Shane Church,5
aa746a02-d187-42c2-bdf9-df6a5d4e648c,2226287509.0,Shane Church,5
aa746a02-d187-42c2-bdf9-df6a5d4e648c,144194644.0,Shane Church,5
aa746a02-d187-42c2-bdf9-df6a5d4e648c,1705442.0,Shane Church,5
27475f31-a1d2-401b-84ad-9b405c7609a8,8606450.0,Ernest Maynard,4
27475f31-a1d2-401b-84ad-9b405c7609a8,2152198093.0,Ernest Maynard,4
27475f31-a1d2-401b-84ad-9b405c7609a8,48738717.0,Ernest Maynard,4
27475f31-a1d2-401b-84ad-9b405c7609a8,3083169.0,Ernest Maynard,4
961301b0-6f5a-44a6-9216-54b673cded78,2226287509.0,Kristen Beltran,4
961301b0-6f5a-44a6-9216-54b673cded78,6317095.0,Kristen Beltran,4
961301b0-6f5a-44a6-9216-54b673cded78,2151100995.0,Kristen Beltran,4
961301b0-6f5a-44a6-9216-54b673cded78,2110893031.0,Kristen Beltran,4
961301b0-6f5a-44a6-9216-54b673cded78,2923325.0,Evan Knight,5
961301b0-6f5a-44a6-9216-54b673cded78,32750186.0,Evan Knight,5
961301b0-6f5a-44a6-9216-54b673cded78,2059393798.0,Evan Knight,5
961301b0-6f5a-44a6-9216-54b673cded78,144042306.0,Evan Knight,5
961301b0-6f5a-44a6-9216-54b673cded78,3974472.0,Evan Knight,5
4d9ce1c4-dc84-46b9-903e-e3751c00c7dd,3468294.0,Roger Clarke,4
4d9ce1c4-dc84-46b9-903e-e3751c00c7dd,2062532551.0,Roger Clarke,4
4d9ce1c4-dc84-46b9-903e-e3751c00c7dd,51198806.0,Roger Clarke,4
4d9ce1c4-dc84-46b9-903e-e3751c00c7dd,7510588.0,Roger Clarke,4
92d34d37-5c4b-4e11-b461-9041b7de4c2d,3215011.0,Katie Davidson,3
92d34d37-5c4b-4e11-b461-9041b7de4c2d,1388063052.0,Katie Davidson,3
92d34d37-5c4b-4e11-b461-9041b7de4c2d,2205516.0,Katie Davidson,3
349a6ffc-3527-4d3d-aef4-8372fbc1a084,2079716.0,Victor Garrison,4
349a6ffc-3527-4d3d-aef4-8372fbc1a084,1396841807.0,Victor Garrison,4
349a6ffc-3527-4d3d-aef4-8372fbc1a084,2570016.0,Victor Garrison,4
349a6ffc-3527-4d3d-aef4-8372fbc1a084,145209765.0,Victor Garrison,4
ee1b24c6-e4e7-4f90-af25-166a9eff8e3a,,Nathan Evans,3
ee1b24c6-e4e7-4f90-af25-166a9eff8e3a,31909725.0,Nathan Evans,3
ee1b24c6-e4e7-4f90-af25-166a9eff8e3a,3451474.0,Nathan Evans,3
09bb329a-45bc-4561-860f-c8ac0e958895,48965924.0,Kathleen Foster,4
09bb329a-45bc-4561-860f-c8ac0e958895,8556033.0,Kathleen Foster,4
09bb329a-45bc-4561-860f-c8ac0e958895,145165051.0,Kathleen Foster,4
09bb329a-45bc-4561-860f-c8ac0e958895,3056208.0,Kathleen Foster,4
55511511-6974-4037-92a4-aec79ba003fe,1861174059.0,William Hinton,5
55511511-6974-4037-92a4-aec79ba003fe,144096985.0,William Hinton,5
55511511-6974-4037-92a4-aec79ba003fe,41219567.0,William Hinton,5
55511511-6974-4037-92a4-aec79ba003fe,145580998.0,William Hinton,5
55511511-6974-4037-92a4-aec79ba003fe,48022505.0,William Hinton,5
c0ded351-0e49-473e-816e-23b84c9f8dd3,9695572.0,Anna Johnson,5
c0ded351-0e49-473e-816e-23b84c9f8dd3,145032158.0,Anna Johnson,5
c0ded351-0e49-473e-816e-23b84c9f8dd3,6032764.0,Anna Johnson,5
c0ded351-0e49-473e-816e-23b84c9f8dd3,2124469104.0,Anna Johnson,5
c0ded351-0e49-473e-816e-23b84c9f8dd3,1753253.0,Anna Johnson,5
3fe65a3e-606b-4377-8de1-b3f779646e1e,2630296.0,Margaret Diaz,5
3fe65a3e-606b-4377-8de1-b3f779646e1e,1708576.0,Margaret Diaz,5
3fe65a3e-606b-4377-8de1-b3f779646e1e,87122962.0,Margaret Diaz,5
3fe65a3e-606b-4377-8de1-b3f779646e1e,1800422.0,Margaret Diaz,5
3fe65a3e-606b-4377-8de1-b3f779646e1e,144888672.0,Margaret Diaz,5
d949c7f0-1213-4a16-a6ab-134862369b91,4379902.0,Heather Montes,5
d949c7f0-1213-4a16-a6ab-134862369b91,1402881013.0,Heather Montes,5
d949c7f0-1213-4a16-a6ab-134862369b91,143901037.0,Heather Montes,5
d949c7f0-1213-4a16-a6ab-134862369b91,2107517217.0,Heather Montes,5
d949c7f0-1213-4a16-a6ab-134862369b91,145291669.0,Heather Montes,5
2baad992-2268-4c38-9120-e453622f2eeb,2245788699.0,Erin Smith,5
2baad992-2268-4c38-9120-e453622f2eeb,143868587.0,Erin Smith,5
2baad992-2268-4c38-9120-e453622f2eeb,2118403946.0,Erin Smith,5
2baad992-2268-4c38-9120-e453622f2eeb,94218809.0,Erin Smith,5
2baad992-2268-4c38-9120-e453622f2eeb,8757752.0,Erin Smith,5
bc30f894-9a9c-440e-8420-7bd3c5624384,40046694.0,Robert Ellis,4
bc30f894-9a9c-440e-8420-7bd3c5624384,145525190.0,Robert Ellis,4
bc30f894-9a9c-440e-8420-7bd3c5624384,114919270.0,Robert Ellis,4
bc30f894-9a9c-440e-8420-7bd3c5624384,35323115.0,Robert Ellis,4
41dbb273-8d18-4a45-8154-852882a37b34,1715741.0,Emma White,4
41dbb273-8d18-4a45-8154-852882a37b34,2445241.0,Emma White,4
41dbb273-8d18-4a45-8154-852882a37b34,1485435660.0,Emma White,4
41dbb273-8d18-4a45-8154-852882a37b34,2161352.0,Emma White,4
bf228014-e6ea-4397-96c9-3fd22beb2f75,48016595.0,John Ortega,5
bf228014-e6ea-4397-96c9-3fd22beb2f75,1793739.0,John Ortega,5
bf228014-e6ea-4397-96c9-3fd22beb2f75,145061660.0,John Ortega,5
bf228014-e6ea-4397-96c9-3fd22beb2f75,1758049.0,John Ortega,5
bf228014-e6ea-4397-96c9-3fd22beb2f75,1390051934.0,John Ortega,5
93a7b6aa-3a96-4e75-a837-cbd3660e8a72,46172352.0,Whitney Myers,4
93a7b6aa-3a96-4e75-a837-cbd3660e8a72,3604967.0,Whitney Myers,4
93a7b6aa-3a96-4e75-a837-cbd3660e8a72,3439407.0,Whitney Myers,4
93a7b6aa-3a96-4e75-a837-cbd3660e8a72,145061660.0,Whitney Myers,4
e4c9326f-17a0-48c8-85c6-2975945f4395,2927870.0,James Smith,4
e4c9326f-17a0-48c8-85c6-2975945f4395,32063679.0,James Smith,4
e4c9326f-17a0-48c8-85c6-2975945f4395,2395456.0,James Smith,4
e4c9326f-17a0-48c8-85c6-2975945f4395,4565995.0,James Smith,4
70337d1b-fdf7-4fcb-b391-e096feba3748,1779435.0,Paula Lee,3
70337d1b-fdf7-4fcb-b391-e096feba3748,66095908.0,Paula Lee,3
70337d1b-fdf7-4fcb-b391-e096feba3748,47658932.0,Paula Lee,3
ed4bb98c-600b-477e-9e9a-653127045ec0,50698089.0,Jessica Andersen,5
ed4bb98c-600b-477e-9e9a-653127045ec0,34566811.0,Jessica Andersen,5
ed4bb98c-600b-477e-9e9a-653127045ec0,143837407.0,Jessica Andersen,5
ed4bb98c-600b-477e-9e9a-653127045ec0,145106564.0,Jessica Andersen,5
ed4bb98c-600b-477e-9e9a-653127045ec0,2064181672.0,Jessica Andersen,5
93a7b6aa-3a96-4e75-a837-cbd3660e8a72,35323164.0,Steven Davis,5
93a7b6aa-3a96-4e75-a837-cbd3660e8a72,3933012.0,Steven Davis,5
93a7b6aa-3a96-4e75-a837-cbd3660e8a72,3040289.0,Steven Davis,5
93a7b6aa-3a96-4e75-a837-cbd3660e8a72,144383645.0,Steven Davis,5
93a7b6aa-3a96-4e75-a837-cbd3660e8a72,1776159.0,Steven Davis,5
8b172637-3435-4dd3-a753-5035b814ff39,32716598.0,Joseph Wilson,5
8b172637-3435-4dd3-a753-5035b814ff39,144598189.0,Joseph Wilson,5
8b172637-3435-4dd3-a753-5035b814ff39,1807514.0,Joseph Wilson,5
8b172637-3435-4dd3-a753-5035b814ff39,144064820.0,Joseph Wilson,5
8b172637-3435-4dd3-a753-5035b814ff39,2082907063.0,Joseph Wilson,5
5821d52f-e54a-4b02-981a-dd16fec9a115,1811878.0,Eric Davis,3
5821d52f-e54a-4b02-981a-dd16fec9a115,50185648.0,Eric Davis,3
5821d52f-e54a-4b02-981a-dd16fec9a115,145160921.0,Eric Davis,3
8719d091-7af9-44c2-99b9-bc600f0f4134,2531746.0,Andrew Rowland,4
8719d091-7af9-44c2-99b9-bc600f0f4134,51903792.0,Andrew Rowland,4
8719d091-7af9-44c2-99b9-bc600f0f4134,21821453.0,Andrew Rowland,4
8719d091-7af9-44c2-99b9-bc600f0f4134,30993494.0,Andrew Rowland,4
4d899b46-b5c8-436e-8ce3-084673ea8905,143931014.0,Steven George,5
4d899b46-b5c8-436e-8ce3-084673ea8905,1806271.0,Steven George,5
4d899b46-b5c8-436e-8ce3-084673ea8905,1500736873.0,Steven George,5
4d899b46-b5c8-436e-8ce3-084673ea8905,2263410560.0,Steven George,5
4d899b46-b5c8-436e-8ce3-084673ea8905,9959840.0,Steven George,5
da1f558d-7744-4ce7-9b43-0a73f0057985,2107517217.0,Casey Cannon,4
da1f558d-7744-4ce7-9b43-0a73f0057985,1793652.0,Casey Cannon,4
da1f558d-7744-4ce7-9b43-0a73f0057985,1737922.0,Casey Cannon,4
da1f558d-7744-4ce7-9b43-0a73f0057985,1381717153.0,Casey Cannon,4
75d7a8c1-d871-42db-a8e4-7cf5146fdb62,1381695766.0,Lisa Walls,5
75d7a8c1-d871-42db-a8e4-7cf5146fdb62,1690967.0,Lisa Walls,5
75d7a8c1-d871-42db-a8e4-7cf5146fdb62,3007922.0,Lisa Walls,5
75d7a8c1-d871-42db-a8e4-7cf5146fdb62,2563117.0,Lisa Walls,5
75d7a8c1-d871-42db-a8e4-7cf5146fdb62,144795713.0,Lisa Walls,5
c6840156-ee10-4d78-8832-7f8909811576,153096457.0,Stacy Maldonado,5
c6840156-ee10-4d78-8832-7f8909811576,2691377.0,Stacy Maldonado,5
c6840156-ee10-4d78-8832-7f8909811576,83163597.0,Stacy Maldonado,5
c6840156-ee10-4d78-8832-7f8909811576,2669688.0,Stacy Maldonado,5
c6840156-ee10-4d78-8832-7f8909811576,2105830200.0,Stacy Maldonado,5
4d9ce1c4-dc84-46b9-903e-e3751c00c7dd,83298012.0,Kyle Cobb,5
4d9ce1c4-dc84-46b9-903e-e3751c00c7dd,47773335.0,Kyle Cobb,5
4d9ce1c4-dc84-46b9-903e-e3751c00c7dd,2441204.0,Kyle Cobb,5
4d9ce1c4-dc84-46b9-903e-e3751c00c7dd,2110195795.0,Kyle Cobb,5
4d9ce1c4-dc84-46b9-903e-e3751c00c7dd,47785928.0,Kyle Cobb,5
94cf7e5d-ed99-4849-b9b9-17ed670f5e6e,46435581.0,Travis Torres,4
94cf7e5d-ed99-4849-b9b9-17ed670f5e6e,35647882.0,Travis Torres,4
94cf7e5d-ed99-4849-b9b9-17ed670f5e6e,47300432.0,Travis Torres,4
94cf7e5d-ed99-4849-b9b9-17ed670f5e6e,40353699.0,Travis Torres,4
b9e25c64-26d3-444f-bd29-4ffb3c3c588e,5084447.0,Kenneth Ortiz,3
b9e25c64-26d3-444f-bd29-4ffb3c3c588e,89065716.0,Kenneth Ortiz,3
b9e25c64-26d3-444f-bd29-4ffb3c3c588e,35323115.0,Kenneth Ortiz,3
3096eb5c-d18c-4877-94cd-28edd3a9c357,1740639.0,John Williams,5
3096eb5c-d18c-4877-94cd-28edd3a9c357,1401199158.0,John Williams,5
3096eb5c-d18c-4877-94cd-28edd3a9c357,1715741.0,John Williams,5
3096eb5c-d18c-4877-94cd-28edd3a9c357,1950729.0,John Williams,5
3096eb5c-d18c-4877-94cd-28edd3a9c357,2086709953.0,John Williams,5
79c59592-820f-4ed1-87df-db795b4326be,144212535.0,Katie Norton,4
79c59592-820f-4ed1-87df-db795b4326be,8606450.0,Katie Norton,4
79c59592-820f-4ed1-87df-db795b4326be,3148925.0,Katie Norton,4
79c59592-820f-4ed1-87df-db795b4326be,145345295.0,Katie Norton,4
f9827422-a381-440c-a8a4-e5e50415934e,66282382.0,Amy Walters,5
f9827422-a381-440c-a8a4-e5e50415934e,1380506031.0,Amy Walters,5
f9827422-a381-440c-a8a4-e5e50415934e,49576568.0,Amy Walters,5
f9827422-a381-440c-a8a4-e5e50415934e,145860112.0,Amy Walters,5
f9827422-a381-440c-a8a4-e5e50415934e,2110845409.0,Amy Walters,5
bfd86b13-d2a6-4fb4-9d06-bb12b918c5a6,32326419.0,Natalie Fields,3
bfd86b13-d2a6-4fb4-9d06-bb12b918c5a6,144427183.0,Natalie Fields,3
bfd86b13-d2a6-4fb4-9d06-bb12b918c5a6,143858195.0,Natalie Fields,3
2b84bdaf-f505-49f1-ab77-acc7693f6a55,1405625449.0,Katherine Copeland,3
2b84bdaf-f505-49f1-ab77-acc7693f6a55,3213259.0,Katherine Copeland,3
2b84bdaf-f505-49f1-ab77-acc7693f6a55,4098976.0,Katherine Copeland,3
10106566-d267-4be8-b7be-3c716007639f,50408701.0,Bryan Hickman,4
10106566-d267-4be8-b7be-3c716007639f,1978710.0,Bryan Hickman,4
10106566-d267-4be8-b7be-3c716007639f,34243620.0,Bryan Hickman,4
10106566-d267-4be8-b7be-3c716007639f,2725172.0,Bryan Hickman,4
ff159887-5591-495e-8a29-710e87e64127,1697795.0,Suzanne Powers,4
ff159887-5591-495e-8a29-710e87e64127,39054084.0,Suzanne Powers,4
ff159887-5591-495e-8a29-710e87e64127,2245929.0,Suzanne Powers,4
ff159887-5591-495e-8a29-710e87e64127,119324613.0,Suzanne Powers,4
0aed7a40-85f3-4c66-9e1b-c1556c57001b,143865612.0,Gregory Wallace,3
0aed7a40-85f3-4c66-9e1b-c1556c57001b,72379552.0,Gregory Wallace,3
0aed7a40-85f3-4c66-9e1b-c1556c57001b,1490633994.0,Gregory Wallace,3
c6840156-ee10-4d78-8832-7f8909811576,35002762.0,Michelle Brown,4
c6840156-ee10-4d78-8832-7f8909811576,2083603.0,Michelle Brown,4
c6840156-ee10-4d78-8832-7f8909811576,2617203.0,Michelle Brown,4
c6840156-ee10-4d78-8832-7f8909811576,3300287.0,Michelle Brown,4
50a895e2-cd1a-4b97-ae2a-947ead61b538,3190177.0,Hannah Ramirez,5
50a895e2-cd1a-4b97-ae2a-947ead61b538,48904373.0,Hannah Ramirez,5
50a895e2-cd1a-4b97-ae2a-947ead61b538,48747347.0,Hannah Ramirez,5
50a895e2-cd1a-4b97-ae2a-947ead61b538,113156122.0,Hannah Ramirez,5
50a895e2-cd1a-4b97-ae2a-947ead61b538,40603727.0,Hannah Ramirez,5
b741e3ff-d389-4515-a649-e6b457783aac,2105998204.0,Patricia Moore,3
b741e3ff-d389-4515-a649-e6b457783aac,145992457.0,Patricia Moore,3
b741e3ff-d389-4515-a649-e6b457783aac,2598812.0,Patricia Moore,3
388d50fd-182a-4f42-bf37-f5fd7ce508fc,2053597278.0,Sarah Murphy,3
388d50fd-182a-4f42-bf37-f5fd7ce508fc,1682407.0,Sarah Murphy,3
388d50fd-182a-4f42-bf37-f5fd7ce508fc,3172036.0,Sarah Murphy,3
ff159887-5591-495e-8a29-710e87e64127,143805211.0,Edgar Hamilton,5
ff159887-5591-495e-8a29-710e87e64127,47744684.0,Edgar Hamilton,5
ff159887-5591-495e-8a29-710e87e64127,2931623.0,Edgar Hamilton,5
ff159887-5591-495e-8a29-710e87e64127,41219567.0,Edgar Hamilton,5
ff159887-5591-495e-8a29-710e87e64127,2283938290.0,Edgar Hamilton,5
0aed7a40-85f3-4c66-9e1b-c1556c57001b,2957048.0,Derek Ramsey,3
0aed7a40-85f3-4c66-9e1b-c1556c57001b,1491910676.0,Derek Ramsey,3
0aed7a40-85f3-4c66-9e1b-c1556c57001b,81009968.0,Derek Ramsey,3
baaccfaa-ab14-4308-bbb6-15df1b0c2646,2217450625.0,Gabriela Reed,5
baaccfaa-ab14-4308-bbb6-15df1b0c2646,5993490.0,Gabriela Reed,5
baaccfaa-ab14-4308-bbb6-15df1b0c2646,2523983.0,Gabriela Reed,5
baaccfaa-ab14-4308-bbb6-15df1b0c2646,2150913865.0,Gabriela Reed,5
baaccfaa-ab14-4308-bbb6-15df1b0c2646,144490288.0,Gabriela Reed,5
5d2ac1a1-1fcd-4505-8b9d-5484ad5ffa66,2067827437.0,Tanya Diaz,5
5d2ac1a1-1fcd-4505-8b9d-5484ad5ffa66,1860635820.0,Tanya Diaz,5
5d2ac1a1-1fcd-4505-8b9d-5484ad5ffa66,3088847.0,Tanya Diaz,5
5d2ac1a1-1fcd-4505-8b9d-5484ad5ffa66,31733967.0,Tanya Diaz,5
5d2ac1a1-1fcd-4505-8b9d-5484ad5ffa66,2923325.0,Tanya Diaz,5
f9827422-a381-440c-a8a4-e5e50415934e,1770953.0,Amy Cook,5
f9827422-a381-440c-a8a4-e5e50415934e,2150913617.0,Amy Cook,5
f9827422-a381-440c-a8a4-e5e50415934e,1391661732.0,Amy Cook,5
f9827422-a381-440c-a8a4-e5e50415934e,2070140.0,Amy Cook,5
f9827422-a381-440c-a8a4-e5e50415934e,2052949.0,Amy Cook,5
0f276dc7-7c36-4465-aab9-b358ee2dafa9,2108639303.0,John Gonzales,4
0f276dc7-7c36-4465-aab9-b358ee2dafa9,32716598.0,John Gonzales,4
0f276dc7-7c36-4465-aab9-b358ee2dafa9,1734917.0,John Gonzales,4
0f276dc7-7c36-4465-aab9-b358ee2dafa9,2053062532.0,John Gonzales,4
c8f7a681-2d49-409b-9f88-c0fad3152642,52184096.0,Teresa Myers,4
c8f7a681-2d49-409b-9f88-c0fad3152642,2053062532.0,Teresa Myers,4
c8f7a681-2d49-409b-9f88-c0fad3152642,2006606048.0,Teresa Myers,4
c8f7a681-2d49-409b-9f88-c0fad3152642,20154699.0,Teresa Myers,4
69c55941-42d0-4d07-bc3f-9a98c51b8fe7,1865751.0,Jessica Garcia,4
69c55941-42d0-4d07-bc3f-9a98c51b8fe7,151213231.0,Jessica Garcia,4
69c55941-42d0-4d07-bc3f-9a98c51b8fe7,2485974.0,Jessica Garcia,4
69c55941-42d0-4d07-bc3f-9a98c51b8fe7,2069734184.0,Jessica Garcia,4
3235a2bb-118f-4abc-9046-80342279a154,2198436.0,James Murray,4
3235a2bb-118f-4abc-9046-80342279a154,3245770.0,James Murray,4
3235a2bb-118f-4abc-9046-80342279a154,4829125.0,James Murray,4
3235a2bb-118f-4abc-9046-80342279a154,2911201.0,James Murray,4
7b1fdd86-df9b-4e96-9348-7170adfca587,1402728137.0,Lori Perry,4
7b1fdd86-df9b-4e96-9348-7170adfca587,50307584.0,Lori Perry,4
7b1fdd86-df9b-4e96-9348-7170adfca587,34820117.0,Lori Perry,4
7b1fdd86-df9b-4e96-9348-7170adfca587,1380212948.0,Lori Perry,4
f4c0fba6-8d83-4a73-aaa4-2ad01918304e,1893645.0,Megan Mendoza,5
f4c0fba6-8d83-4a73-aaa4-2ad01918304e,35323164.0,Megan Mendoza,5
f4c0fba6-8d83-4a73-aaa4-2ad01918304e,145253556.0,Megan Mendoza,5
f4c0fba6-8d83-4a73-aaa4-2ad01918304e,2120479.0,Megan Mendoza,5
f4c0fba6-8d83-4a73-aaa4-2ad01918304e,32288781.0,Megan Mendoza,5
6457124b-39bf-4d02-bff4-73752ff21562,1715859.0,Miranda May,3
6457124b-39bf-4d02-bff4-73752ff21562,50294532.0,Miranda May,3
6457124b-39bf-4d02-bff4-73752ff21562,2546502.0,Miranda May,3
f59506a8-d8bb-4101-b3d4-c4ac3ed03dad,34859021.0,Eric Martinez,4
f59506a8-d8bb-4101-b3d4-c4ac3ed03dad,50136241.0,Eric Martinez,4
f59506a8-d8bb-4101-b3d4-c4ac3ed03dad,3475913.0,Eric Martinez,4
f59506a8-d8bb-4101-b3d4-c4ac3ed03dad,2112864364.0,Eric Martinez,4
43d8ff46-e680-4c40-84dc-a8f86d3f559b,48174487.0,John Li,3
43d8ff46-e680-4c40-84dc-a8f86d3f559b,9587758.0,John Li,3
43d8ff46-e680-4c40-84dc-a8f86d3f559b,1697955.0,John Li,3
7b2adce0-d53f-49d6-8784-b0645604fe62,3277480.0,Courtney Delgado,3
7b2adce0-d53f-49d6-8784-b0645604fe62,144161012.0,Courtney Delgado,3
7b2adce0-d53f-49d6-8784-b0645604fe62,2176850.0,Courtney Delgado,3
c22e7c36-3bfa-43e1-bb7b-edccdea2a780,48634577.0,Dalton Smith,5
c22e7c36-3bfa-43e1-bb7b-edccdea2a780,9957625.0,Dalton Smith,5
c22e7c36-3bfa-43e1-bb7b-edccdea2a780,94218809.0,Dalton Smith,5
c22e7c36-3bfa-43e1-bb7b-edccdea2a780,145410401.0,Dalton Smith,5
c22e7c36-3bfa-43e1-bb7b-edccdea2a780,3715983.0,Dalton Smith,5
a042b147-151c-4d51-97c7-40b8434b377a,50686555.0,Frank Miller,3
a042b147-151c-4d51-97c7-40b8434b377a,83163597.0,Frank Miller,3
a042b147-151c-4d51-97c7-40b8434b377a,9236473.0,Frank Miller,3
ca4b3aef-bda7-47fe-b7e5-4f9cd6cb1947,1401282143.0,Autumn Jacobson MD,4
ca4b3aef-bda7-47fe-b7e5-4f9cd6cb1947,2242477024.0,Autumn Jacobson MD,4
ca4b3aef-bda7-47fe-b7e5-4f9cd6cb1947,6351165.0,Autumn Jacobson MD,4
ca4b3aef-bda7-47fe-b7e5-4f9cd6cb1947,8606450.0,Autumn Jacobson MD,4
7a7dc89b-e1a6-44df-a496-46c330a87840,47178580.0,Christy Walter,3
7a7dc89b-e1a6-44df-a496-46c330a87840,1401492455.0,Christy Walter,3
7a7dc89b-e1a6-44df-a496-46c330a87840,1491611469.0,Christy Walter,3
099b11f4-fbe6-40a6-9c6d-a1a83f28b9a3,51403558.0,Kathy Miller,5
099b11f4-fbe6-40a6-9c6d-a1a83f28b9a3,2931623.0,Kathy Miller,5
099b11f4-fbe6-40a6-9c6d-a1a83f28b9a3,69577074.0,Kathy Miller,5
099b11f4-fbe6-40a6-9c6d-a1a83f28b9a3,40281699.0,Kathy Miller,5
099b11f4-fbe6-40a6-9c6d-a1a83f28b9a3,1811427.0,Kathy Miller,5
4cbc2987-6254-4668-b85b-aeabd7ff62ef,2117145575.0,Heather Suarez,3
4cbc2987-6254-4668-b85b-aeabd7ff62ef,39144781.0,Heather Suarez,3
4cbc2987-6254-4668-b85b-aeabd7ff62ef,40643490.0,Heather Suarez,3
8f59dd66-e4cd-4341-8ea9-9a03d965a009,2522842.0,Christopher Farley,3
8f59dd66-e4cd-4341-8ea9-9a03d965a009,1688882.0,Christopher Farley,3
8f59dd66-e4cd-4341-8ea9-9a03d965a009,32131713.0,Christopher Farley,3
0aed7a40-85f3-4c66-9e1b-c1556c57001b,143805211.0,Christopher Holmes,5
0aed7a40-85f3-4c66-9e1b-c1556c57001b,48567420.0,Christopher Holmes,5
0aed7a40-85f3-4c66-9e1b-c1556c57001b,1873696.0,Christopher Holmes,5
0aed7a40-85f3-4c66-9e1b-c1556c57001b,145233982.0,Christopher Holmes,5
0aed7a40-85f3-4c66-9e1b-c1556c57001b,2523983.0,Christopher Holmes,5
099483df-e8f2-4bee-805d-8a69f07b6cbf,80146493.0,Frank Garcia,4
099483df-e8f2-4bee-805d-8a69f07b6cbf,70401482.0,Frank Garcia,4
099483df-e8f2-4bee-805d-8a69f07b6cbf,3280643.0,Frank Garcia,4
099483df-e8f2-4bee-805d-8a69f07b6cbf,2911201.0,Frank Garcia,4
6c24a0a0-b07d-4d7b-a19b-fd09a3ed453a,35603595.0,Victoria Harper,3
6c24a0a0-b07d-4d7b-a19b-fd09a3ed453a,144109291.0,Victoria Harper,3
6c24a0a0-b07d-4d7b-a19b-fd09a3ed453a,144728660.0,Victoria Harper,3
166fd2b5-a928-4a98-a449-3b90935cc101,2725767.0,Steven Jones,4
166fd2b5-a928-4a98-a449-3b90935cc101,2084659.0,Steven Jones,4
166fd2b5-a928-4a98-a449-3b90935cc101,152722796.0,Steven Jones,4
166fd2b5-a928-4a98-a449-3b90935cc101,145856759.0,Steven Jones,4
6457124b-39bf-4d02-bff4-73752ff21562,1764455.0,Lisa Meyer,3
6457124b-39bf-4d02-bff4-73752ff21562,1390556637.0,Lisa Meyer,3
6457124b-39bf-4d02-bff4-73752ff21562,2228062255.0,Lisa Meyer,3
bb95bf2e-8383-4748-bf9d-d6906d091085,1390169823.0,John Jackson,3
bb95bf2e-8383-4748-bf9d-d6906d091085,2273929331.0,John Jackson,3
bb95bf2e-8383-4748-bf9d-d6906d091085,1840069078.0,John Jackson,3
0d993d4a-09ba-4df8-90a4-7dfe25f0cb9e,3011137.0,Douglas Williams,3
0d993d4a-09ba-4df8-90a4-7dfe25f0cb9e,6273548.0,Douglas Williams,3
0d993d4a-09ba-4df8-90a4-7dfe25f0cb9e,1994178.0,Douglas Williams,3
43b3f0f9-489a-4566-8164-02fafde3cd98,39276324.0,Ian Mayo,4
43b3f0f9-489a-4566-8164-02fafde3cd98,2555876.0,Ian Mayo,4
43b3f0f9-489a-4566-8164-02fafde3cd98,50596132.0,Ian Mayo,4
43b3f0f9-489a-4566-8164-02fafde3cd98,5953896.0,Ian Mayo,4
729a1139-78df-40c0-899b-17b6212e786f,2102686804.0,Donald Chase,4
729a1139-78df-40c0-899b-17b6212e786f,2079441.0,Donald Chase,4
729a1139-78df-40c0-899b-17b6212e786f,34859021.0,Donald Chase,4
729a1139-78df-40c0-899b-17b6212e786f,2235761188.0,Donald Chase,4
8558aef1-7952-4eac-8e2c-e095c1a741a0,2242851745.0,Daniel Gutierrez,4
8558aef1-7952-4eac-8e2c-e095c1a741a0,2144451890.0,Daniel Gutierrez,4
8558aef1-7952-4eac-8e2c-e095c1a741a0,1454363000.0,Daniel Gutierrez,4
8558aef1-7952-4eac-8e2c-e095c1a741a0,2214806.0,Daniel Gutierrez,4
8270cfe1-3713-4325-a7bd-c6a87eed889e,1404856444.0,Victoria Hines,5
8270cfe1-3713-4325-a7bd-c6a87eed889e,2931623.0,Victoria Hines,5
8270cfe1-3713-4325-a7bd-c6a87eed889e,2077231769.0,Victoria Hines,5
8270cfe1-3713-4325-a7bd-c6a87eed889e,2541723.0,Victoria Hines,5
8270cfe1-3713-4325-a7bd-c6a87eed889e,27257992.0,Victoria Hines,5
db4b98e5-3f60-4140-b07c-7b9d73023183,143839838.0,John Johnson,3
db4b98e5-3f60-4140-b07c-7b9d73023183,2587884.0,John Johnson,3
db4b98e5-3f60-4140-b07c-7b9d73023183,144139288.0,John Johnson,3
266f640f-003e-453b-ab76-57e4053252f8,1778446.0,Edward Cooper,5
266f640f-003e-453b-ab76-57e4053252f8,2059254305.0,Edward Cooper,5
266f640f-003e-453b-ab76-57e4053252f8,143837407.0,Edward Cooper,5
266f640f-003e-453b-ab76-57e4053252f8,1398781025.0,Edward Cooper,5
266f640f-003e-453b-ab76-57e4053252f8,2141320829.0,Edward Cooper,5
f62e5eab-173a-4e0a-a963-ed8de9835d22,2345515.0,Jim Brady,4
f62e5eab-173a-4e0a-a963-ed8de9835d22,48086053.0,Jim Brady,4
f62e5eab-173a-4e0a-a963-ed8de9835d22,2086209119.0,Jim Brady,4
f62e5eab-173a-4e0a-a963-ed8de9835d22,2110201006.0,Jim Brady,4
25248f80-fe99-48e5-9b8e-9baef3b8e23b,145261717.0,John Huynh,4
25248f80-fe99-48e5-9b8e-9baef3b8e23b,2265951264.0,John Huynh,4
25248f80-fe99-48e5-9b8e-9baef3b8e23b,1691615.0,John Huynh,4
25248f80-fe99-48e5-9b8e-9baef3b8e23b,89157526.0,John Huynh,4
21b370ff-cb87-4599-b39a-25cd5a1b03cb,35059954.0,Gary Carney,4
21b370ff-cb87-4599-b39a-25cd5a1b03cb,5470749.0,Gary Carney,4
21b370ff-cb87-4599-b39a-25cd5a1b03cb,2029880797.0,Gary Carney,4
21b370ff-cb87-4599-b39a-25cd5a1b03cb,2118729790.0,Gary Carney,4
6c24a0a0-b07d-4d7b-a19b-fd09a3ed453a,50711852.0,Robert Maddox,3
6c24a0a0-b07d-4d7b-a19b-fd09a3ed453a,40640671.0,Robert Maddox,3
6c24a0a0-b07d-4d7b-a19b-fd09a3ed453a,2495527.0,Robert Maddox,3
aa48c648-ec9a-4625-9a7a-68c91ccb54ea,1812881.0,Barbara Jackson,5
aa48c648-ec9a-4625-9a7a-68c91ccb54ea,5517714.0,Barbara Jackson,5
aa48c648-ec9a-4625-9a7a-68c91ccb54ea,3356708.0,Barbara Jackson,5
aa48c648-ec9a-4625-9a7a-68c91ccb54ea,2040091191.0,Barbara Jackson,5
aa48c648-ec9a-4625-9a7a-68c91ccb54ea,2485974.0,Barbara Jackson,5
b3b8f19c-c31b-4847-bc7b-66a18aebedfe,143805211.0,Samantha Mahoney,4
b3b8f19c-c31b-4847-bc7b-66a18aebedfe,40281699.0,Samantha Mahoney,4
b3b8f19c-c31b-4847-bc7b-66a18aebedfe,46470189.0,Samantha Mahoney,4
b3b8f19c-c31b-4847-bc7b-66a18aebedfe,2117082561.0,Samantha Mahoney,4
8a257033-ea67-4623-90da-49cbbe0d6e5b,2834950.0,Raymond Lutz,4
8a257033-ea67-4623-90da-49cbbe0d6e5b,121592623.0,Raymond Lutz,4
8a257033-ea67-4623-90da-49cbbe0d6e5b,145607066.0,Raymond Lutz,4
8a257033-ea67-4623-90da-49cbbe0d6e5b,2448400.0,Raymond Lutz,4
b478fd19-64fa-4b39-8546-7b253fad9c1c,143805211.0,Claudia Velasquez,4
b478fd19-64fa-4b39-8546-7b253fad9c1c,153809986.0,Claudia Velasquez,4
b478fd19-64fa-4b39-8546-7b253fad9c1c,49588046.0,Claudia Velasquez,4
b478fd19-64fa-4b39-8546-7b253fad9c1c,9691651.0,Claudia Velasquez,4
6457124b-39bf-4d02-bff4-73752ff21562,1883943.0,James Romero,3
6457124b-39bf-4d02-bff4-73752ff21562,2958299.0,James Romero,3
6457124b-39bf-4d02-bff4-73752ff21562,50985185.0,James Romero,3
66520ff1-2ca9-41d3-8f35-a340e77ae8cd,1700007.0,Alex Archer,5
66520ff1-2ca9-41d3-8f35-a340e77ae8cd,47258944.0,Alex Archer,5
66520ff1-2ca9-41d3-8f35-a340e77ae8cd,2150913368.0,Alex Archer,5
66520ff1-2ca9-41d3-8f35-a340e77ae8cd,2090755379.0,Alex Archer,5
66520ff1-2ca9-41d3-8f35-a340e77ae8cd,4778970.0,Alex Archer,5
df12d289-f447-47d3-8846-75e39de3ab57,5315243.0,Walter Hammond,5
df12d289-f447-47d3-8846-75e39de3ab57,3034434.0,Walter Hammond,5
df12d289-f447-47d3-8846-75e39de3ab57,2161352.0,Walter Hammond,5
df12d289-f447-47d3-8846-75e39de3ab57,27066656.0,Walter Hammond,5
df12d289-f447-47d3-8846-75e39de3ab57,143805211.0,Walter Hammond,5
6457124b-39bf-4d02-bff4-73752ff21562,2719632.0,James Smith,3
6457124b-39bf-4d02-bff4-73752ff21562,32915090.0,James Smith,3
6457124b-39bf-4d02-bff4-73752ff21562,49576568.0,James Smith,3
7b2adce0-d53f-49d6-8784-b0645604fe62,2956683.0,Tammy Johnson,5
7b2adce0-d53f-49d6-8784-b0645604fe62,2515978.0,Tammy Johnson,5
7b2adce0-d53f-49d6-8784-b0645604fe62,2104480992.0,Tammy Johnson,5
7b2adce0-d53f-49d6-8784-b0645604fe62,2064484968.0,Tammy Johnson,5
7b2adce0-d53f-49d6-8784-b0645604fe62,144205048.0,Tammy Johnson,5
bb95bf2e-8383-4748-bf9d-d6906d091085,70028211.0,Mr. Joseph Campbell,5
bb95bf2e-8383-4748-bf9d-d6906d091085,1770886.0,Mr. Joseph Campbell,5
bb95bf2e-8383-4748-bf9d-d6906d091085,2070105034.0,Mr. Joseph Campbell,5
bb95bf2e-8383-4748-bf9d-d6906d091085,46724030.0,Mr. Joseph Campbell,5
bb95bf2e-8383-4748-bf9d-d6906d091085,1997850.0,Mr. Joseph Campbell,5
bb95bf2e-8383-4748-bf9d-d6906d091085,1798000.0,Danny Reeves,5
bb95bf2e-8383-4748-bf9d-d6906d091085,1404181075.0,Danny Reeves,5
bb95bf2e-8383-4748-bf9d-d6906d091085,103515845.0,Danny Reeves,5
bb95bf2e-8383-4748-bf9d-d6906d091085,2252110423.0,Danny Reeves,5
bb95bf2e-8383-4748-bf9d-d6906d091085,6322777.0,Danny Reeves,5
c22e7c36-3bfa-43e1-bb7b-edccdea2a780,94451829.0,Jennifer Moore,4
c22e7c36-3bfa-43e1-bb7b-edccdea2a780,34432478.0,Jennifer Moore,4
c22e7c36-3bfa-43e1-bb7b-edccdea2a780,1680042085.0,Jennifer Moore,4
c22e7c36-3bfa-43e1-bb7b-edccdea2a780,1454363000.0,Jennifer Moore,4
ccd8e532-73c6-414f-bc91-271bbb2933e2,1778446.0,Katherine Jones,5
ccd8e532-73c6-414f-bc91-271bbb2933e2,17711197.0,Katherine Jones,5
ccd8e532-73c6-414f-bc91-271bbb2933e2,2398158.0,Katherine Jones,5
ccd8e532-73c6-414f-bc91-271bbb2933e2,1715207.0,Katherine Jones,5
ccd8e532-73c6-414f-bc91-271bbb2933e2,1388720262.0,Katherine Jones,5
a688800a-ab93-4531-9258-c10e1b6ddf68,1805563.0,Jennifer Andrews,5
a688800a-ab93-4531-9258-c10e1b6ddf68,13966665.0,Jennifer Andrews,5
a688800a-ab93-4531-9258-c10e1b6ddf68,39102205.0,Jennifer Andrews,5
a688800a-ab93-4531-9258-c10e1b6ddf68,1722180.0,Jennifer Andrews,5
a688800a-ab93-4531-9258-c10e1b6ddf68,3356708.0,Jennifer Andrews,5
c22e7c36-3bfa-43e1-bb7b-edccdea2a780,2057582064.0,Derek Sullivan,3
c22e7c36-3bfa-43e1-bb7b-edccdea2a780,2632547.0,Derek Sullivan,3
c22e7c36-3bfa-43e1-bb7b-edccdea2a780,4764355.0,Derek Sullivan,3
2633f5b2-c15c-49fe-80f5-07523e770c26,144019071.0,Timothy Nunez,3
2633f5b2-c15c-49fe-80f5-07523e770c26,40353699.0,Timothy Nunez,3
2633f5b2-c15c-49fe-80f5-07523e770c26,3116285.0,Timothy Nunez,3
722543dd-21f3-4b3c-941b-1045b173ec51,46907501.0,Joshua Hill,3
722543dd-21f3-4b3c-941b-1045b173ec51,2078848935.0,Joshua Hill,3
722543dd-21f3-4b3c-941b-1045b173ec51,3240918.0,Joshua Hill,3
c99cfe66-b71c-4ca4-bedd-26267b9cb068,1978245.0,Crystal Jackson,4
c99cfe66-b71c-4ca4-bedd-26267b9cb068,145132572.0,Crystal Jackson,4
c99cfe66-b71c-4ca4-bedd-26267b9cb068,50654620.0,Crystal Jackson,4
c99cfe66-b71c-4ca4-bedd-26267b9cb068,3210833.0,Crystal Jackson,4
2a0713ba-a4af-4a0a-ae49-81b8edeca660,1776968.0,Karen Miller,3
2a0713ba-a4af-4a0a-ae49-81b8edeca660,3217039.0,Karen Miller,3
2a0713ba-a4af-4a0a-ae49-81b8edeca660,32163737.0,Karen Miller,3
25248f80-fe99-48e5-9b8e-9baef3b8e23b,1685292.0,Alexandra Carroll,5
25248f80-fe99-48e5-9b8e-9baef3b8e23b,21821453.0,Alexandra Carroll,5
25248f80-fe99-48e5-9b8e-9baef3b8e23b,1807514.0,Alexandra Carroll,5
25248f80-fe99-48e5-9b8e-9baef3b8e23b,1688844.0,Alexandra Carroll,5
25248f80-fe99-48e5-9b8e-9baef3b8e23b,3452213.0,Alexandra Carroll,5
05528bac-d212-46a6-9c84-314d4bd77368,3009531.0,Linda Price,3
05528bac-d212-46a6-9c84-314d4bd77368,144042306.0,Linda Price,3
05528bac-d212-46a6-9c84-314d4bd77368,2056673.0,Linda Price,3
3da56ce6-4a70-402c-a8b0-7dd39a3273d3,3829487.0,Erin Bentley,3
3da56ce6-4a70-402c-a8b0-7dd39a3273d3,143751119.0,Erin Bentley,3
3da56ce6-4a70-402c-a8b0-7dd39a3273d3,2114675387.0,Erin Bentley,3
f80a2e54-1332-48bf-9634-4b2f77fca809,2023104672.0,Matthew Mercer,3
f80a2e54-1332-48bf-9634-4b2f77fca809,3210889.0,Matthew Mercer,3
f80a2e54-1332-48bf-9634-4b2f77fca809,145758589.0,Matthew Mercer,3
bf73462e-700c-40b3-9cbd-f4bb76cac314,46276515.0,Steven Bryant,5
bf73462e-700c-40b3-9cbd-f4bb76cac314,1694621.0,Steven Bryant,5
bf73462e-700c-40b3-9cbd-f4bb76cac314,40353699.0,Steven Bryant,5
bf73462e-700c-40b3-9cbd-f4bb76cac314,2078848935.0,Steven Bryant,5
bf73462e-700c-40b3-9cbd-f4bb76cac314,34521172.0,Steven Bryant,5
027ffd21-ebb0-4af8-baf5-911124292fd0,2181974014.0,Timothy Green,3
027ffd21-ebb0-4af8-baf5-911124292fd0,2093956767.0,Timothy Green,3
027ffd21-ebb0-4af8-baf5-911124292fd0,2240453062.0,Timothy Green,3
2c0789a6-a318-49cb-b890-f5d278c70bcd,3212908.0,Jimmy Jones,5
2c0789a6-a318-49cb-b890-f5d278c70bcd,2115648970.0,Jimmy Jones,5
2c0789a6-a318-49cb-b890-f5d278c70bcd,2752280.0,Jimmy Jones,5
2c0789a6-a318-49cb-b890-f5d278c70bcd,50462631.0,Jimmy Jones,5
2c0789a6-a318-49cb-b890-f5d278c70bcd,2079716.0,Jimmy Jones,5
76da9cc5-c5a7-42b4-a250-3e708c5f4980,2631572.0,Daniel Myers,4
76da9cc5-c5a7-42b4-a250-3e708c5f4980,1561777696.0,Daniel Myers,4
76da9cc5-c5a7-42b4-a250-3e708c5f4980,145262829.0,Daniel Myers,4
76da9cc5-c5a7-42b4-a250-3e708c5f4980,6032764.0,Daniel Myers,4
0aed7a40-85f3-4c66-9e1b-c1556c57001b,144085315.0,Samantha Krueger,4
0aed7a40-85f3-4c66-9e1b-c1556c57001b,2150913709.0,Samantha Krueger,4
0aed7a40-85f3-4c66-9e1b-c1556c57001b,8625236.0,Samantha Krueger,4
0aed7a40-85f3-4c66-9e1b-c1556c57001b,39168440.0,Samantha Krueger,4
227fb221-5e57-477c-b756-e39dd8ffd538,145233982.0,Gail Chen,4
227fb221-5e57-477c-b756-e39dd8ffd538,71721856.0,Gail Chen,4
227fb221-5e57-477c-b756-e39dd8ffd538,144643812.0,Gail Chen,4
227fb221-5e57-477c-b756-e39dd8ffd538,1697324.0,Gail Chen,4
8e4be2cc-17fd-4d86-9bf9-3ebc2c6af474,2259624522.0,Donna Smith,3
8e4be2cc-17fd-4d86-9bf9-3ebc2c6af474,4019733.0,Donna Smith,3
8e4be2cc-17fd-4d86-9bf9-3ebc2c6af474,40534939.0,Donna Smith,3
939ee07c-6009-43f8-b884-69238b40659e,2288412276.0,Stephanie Guerra,3
939ee07c-6009-43f8-b884-69238b40659e,1854342.0,Stephanie Guerra,3
939ee07c-6009-43f8-b884-69238b40659e,47225423.0,Stephanie Guerra,3
34225f0b-ef59-4a36-913f-cca0e47930f0,1799502.0,Karen White,3
34225f0b-ef59-4a36-913f-cca0e47930f0,88886095.0,Karen White,3
34225f0b-ef59-4a36-913f-cca0e47930f0,144357385.0,Karen White,3
3b4e0d11-3211-4ead-848c-99928b5ef30e,144205048.0,Kathryn Lee,5
3b4e0d11-3211-4ead-848c-99928b5ef30e,3201660.0,Kathryn Lee,5
3b4e0d11-3211-4ead-848c-99928b5ef30e,2411193.0,Kathryn Lee,5
3b4e0d11-3211-4ead-848c-99928b5ef30e,3365871.0,Kathryn Lee,5
3b4e0d11-3211-4ead-848c-99928b5ef30e,1806086.0,Kathryn Lee,5
fd4675fe-4136-446c-aefd-3658aae698ac,1442049684.0,Joel Carter,4
fd4675fe-4136-446c-aefd-3658aae698ac,49899890.0,Joel Carter,4
fd4675fe-4136-446c-aefd-3658aae698ac,1753903.0,Joel Carter,4
fd4675fe-4136-446c-aefd-3658aae698ac,3931190.0,Joel Carter,4
1ee52b4c-8c57-4d60-aead-d9ef4255f1e9,1732750.0,Austin Garcia,5
1ee52b4c-8c57-4d60-aead-d9ef4255f1e9,1730023.0,Austin Garcia,5
1ee52b4c-8c57-4d60-aead-d9ef4255f1e9,3011964.0,Austin Garcia,5
1ee52b4c-8c57-4d60-aead-d9ef4255f1e9,21606013.0,Austin Garcia,5
1ee52b4c-8c57-4d60-aead-d9ef4255f1e9,144064820.0,Austin Garcia,5
e2742a49-1b55-4a31-b319-7455fa5e12d4,88953283.0,Robert Bird,3
e2742a49-1b55-4a31-b319-7455fa5e12d4,38859783.0,Robert Bird,3
e2742a49-1b55-4a31-b319-7455fa5e12d4,2072740070.0,Robert Bird,3
939ee07c-6009-43f8-b884-69238b40659e,2958756.0,Erin Robbins,3
939ee07c-6009-43f8-b884-69238b40659e,1874006.0,Erin Robbins,3
939ee07c-6009-43f8-b884-69238b40659e,2150913619.0,Erin Robbins,3
939ee07c-6009-43f8-b884-69238b40659e,2108101280.0,Melissa Salinas,4
939ee07c-6009-43f8-b884-69238b40659e,2118775509.0,Melissa Salinas,4
939ee07c-6009-43f8-b884-69238b40659e,144200398.0,Melissa Salinas,4
939ee07c-6009-43f8-b884-69238b40659e,47557914.0,Melissa Salinas,4
939ee07c-6009-43f8-b884-69238b40659e,144921048.0,Ricky Williams,3
939ee07c-6009-43f8-b884-69238b40659e,32685970.0,Ricky Williams,3
939ee07c-6009-43f8-b884-69238b40659e,2107510.0,Ricky Williams,3
62924b2a-8fb8-4b93-92c6-735516b49af0,2105763418.0,Steven Thompson,3
62924b2a-8fb8-4b93-92c6-735516b49af0,24195448.0,Steven Thompson,3
62924b2a-8fb8-4b93-92c6-735516b49af0,2149626.0,Steven Thompson,3
79ddd452-3c10-473b-9f28-5c7dd0dc4553,1722062.0,Matthew Guerra,5
79ddd452-3c10-473b-9f28-5c7dd0dc4553,2781539.0,Matthew Guerra,5
79ddd452-3c10-473b-9f28-5c7dd0dc4553,144015417.0,Matthew Guerra,5
79ddd452-3c10-473b-9f28-5c7dd0dc4553,1402750760.0,Matthew Guerra,5
79ddd452-3c10-473b-9f28-5c7dd0dc4553,49186479.0,Matthew Guerra,5
25248f80-fe99-48e5-9b8e-9baef3b8e23b,144565371.0,Susan Dominguez,5
25248f80-fe99-48e5-9b8e-9baef3b8e23b,2652412.0,Susan Dominguez,5
25248f80-fe99-48e5-9b8e-9baef3b8e23b,145276593.0,Susan Dominguez,5
25248f80-fe99-48e5-9b8e-9baef3b8e23b,26340266.0,Susan Dominguez,5
25248f80-fe99-48e5-9b8e-9baef3b8e23b,31453285.0,Susan Dominguez,5
da96c220-cd39-4894-bae6-d2d77c8e7aa9,49884811.0,Hunter Cardenas,5
da96c220-cd39-4894-bae6-d2d77c8e7aa9,1780214785.0,Hunter Cardenas,5
da96c220-cd39-4894-bae6-d2d77c8e7aa9,34764116.0,Hunter Cardenas,5
da96c220-cd39-4894-bae6-d2d77c8e7aa9,2405143.0,Hunter Cardenas,5
da96c220-cd39-4894-bae6-d2d77c8e7aa9,46599370.0,Hunter Cardenas,5
ebb34bf6-eb0a-4d70-81fc-53360c4c20b3,2974008.0,Elizabeth Wilkins,4
ebb34bf6-eb0a-4d70-81fc-53360c4c20b3,145001528.0,Elizabeth Wilkins,4
ebb34bf6-eb0a-4d70-81fc-53360c4c20b3,2552975.0,Elizabeth Wilkins,4
ebb34bf6-eb0a-4d70-81fc-53360c4c20b3,1711320.0,Elizabeth Wilkins,4
be3f884c-b44a-496a-a593-1cad3f89d254,2815353.0,Victor Guzman,3
be3f884c-b44a-496a-a593-1cad3f89d254,47080317.0,Victor Guzman,3
be3f884c-b44a-496a-a593-1cad3f89d254,48861660.0,Victor Guzman,3
79ddd452-3c10-473b-9f28-5c7dd0dc4553,2311613.0,Marie Freeman,3
79ddd452-3c10-473b-9f28-5c7dd0dc4553,1700007.0,Marie Freeman,3
79ddd452-3c10-473b-9f28-5c7dd0dc4553,3240918.0,Marie Freeman,3
e66d27b6-cdf4-44e9-9420-52fe00567139,2244740436.0,Arthur Kennedy,3
e66d27b6-cdf4-44e9-9420-52fe00567139,7421202.0,Arthur Kennedy,3
e66d27b6-cdf4-44e9-9420-52fe00567139,120084866.0,Arthur Kennedy,3
b7e5a3b3-2519-4ca2-8870-c2b45ef76ab9,5538503.0,Chad Bolton,4
b7e5a3b3-2519-4ca2-8870-c2b45ef76ab9,2055948707.0,Chad Bolton,4
b7e5a3b3-2519-4ca2-8870-c2b45ef76ab9,33147958.0,Chad Bolton,4
b7e5a3b3-2519-4ca2-8870-c2b45ef76ab9,21653787.0,Chad Bolton,4
89f81207-2335-4d39-8422-919955037191,2068134753.0,Nancy Franklin,3
89f81207-2335-4d39-8422-919955037191,2240453062.0,Nancy Franklin,3
89f81207-2335-4d39-8422-919955037191,2924097.0,Nancy Franklin,3
41dbb273-8d18-4a45-8154-852882a37b34,39553782.0,Kevin Davies,3
41dbb273-8d18-4a45-8154-852882a37b34,21845095.0,Kevin Davies,3
41dbb273-8d18-4a45-8154-852882a37b34,1390169737.0,Kevin Davies,3
164cf9d6-c9e8-41f0-b15d-00fa34cb4bd1,2742415.0,Melissa Huff,3
164cf9d6-c9e8-41f0-b15d-00fa34cb4bd1,2113742783.0,Melissa Huff,3
164cf9d6-c9e8-41f0-b15d-00fa34cb4bd1,8606450.0,Melissa Huff,3
a7d48414-e40b-4441-829e-d9a349bea6fb,2077377422.0,Mr. Victor Adams,3
a7d48414-e40b-4441-829e-d9a349bea6fb,2265547868.0,Mr. Victor Adams,3
a7d48414-e40b-4441-829e-d9a349bea6fb,1695378.0,Mr. Victor Adams,3
be3f884c-b44a-496a-a593-1cad3f89d254,1605658912.0,Christopher Stanton,4
be3f884c-b44a-496a-a593-1cad3f89d254,2116698810.0,Christopher Stanton,4
be3f884c-b44a-496a-a593-1cad3f89d254,144312222.0,Christopher Stanton,4
be3f884c-b44a-496a-a593-1cad3f89d254,143719768.0,Christopher Stanton,4
fbdeb2fb-ac8a-49ee-a405-19f76371141b,143728483.0,Bridget Hoover,3
fbdeb2fb-ac8a-49ee-a405-19f76371141b,152266553.0,Bridget Hoover,3
fbdeb2fb-ac8a-49ee-a405-19f76371141b,3393153.0,Bridget Hoover,3
fd4675fe-4136-446c-aefd-3658aae698ac,15291510.0,Elizabeth Johnson,5
fd4675fe-4136-446c-aefd-3658aae698ac,50185648.0,Elizabeth Johnson,5
fd4675fe-4136-446c-aefd-3658aae698ac,1954709.0,Elizabeth Johnson,5
fd4675fe-4136-446c-aefd-3658aae698ac,2072422622.0,Elizabeth Johnson,5
fd4675fe-4136-446c-aefd-3658aae698ac,2057278194.0,Elizabeth Johnson,5
d10bf495-9155-454f-be8e-490180513492,144664223.0,Denise Hill,5
d10bf495-9155-454f-be8e-490180513492,2108057415.0,Denise Hill,5
d10bf495-9155-454f-be8e-490180513492,81782113.0,Denise Hill,5
d10bf495-9155-454f-be8e-490180513492,2340436.0,Denise Hill,5
d10bf495-9155-454f-be8e-490180513492,1760750.0,Denise Hill,5
643a31e6-3016-4604-beca-0edfc0e2a834,2665814.0,Megan Mahoney,3
643a31e6-3016-4604-beca-0edfc0e2a834,2892135.0,Megan Mahoney,3
643a31e6-3016-4604-beca-0edfc0e2a834,23579626.0,Megan Mahoney,3
f62e5eab-173a-4e0a-a963-ed8de9835d22,70985296.0,Kevin Barnes,5
f62e5eab-173a-4e0a-a963-ed8de9835d22,2781539.0,Kevin Barnes,5
f62e5eab-173a-4e0a-a963-ed8de9835d22,95853916.0,Kevin Barnes,5
f62e5eab-173a-4e0a-a963-ed8de9835d22,80025697.0,Kevin Barnes,5
f62e5eab-173a-4e0a-a963-ed8de9835d22,1730023.0,Kevin Barnes,5
a88e2a6c-903f-42e1-8dfc-f2547e32020a,23536395.0,Jennifer Myers,4
a88e2a6c-903f-42e1-8dfc-f2547e32020a,2497275.0,Jennifer Myers,4
a88e2a6c-903f-42e1-8dfc-f2547e32020a,3240918.0,Jennifer Myers,4
a88e2a6c-903f-42e1-8dfc-f2547e32020a,143724861.0,Jennifer Myers,4
939ee07c-6009-43f8-b884-69238b40659e,32288781.0,James Gonzalez,5
939ee07c-6009-43f8-b884-69238b40659e,144705088.0,James Gonzalez,5
939ee07c-6009-43f8-b884-69238b40659e,1854342.0,James Gonzalez,5
939ee07c-6009-43f8-b884-69238b40659e,2325322.0,James Gonzalez,5
939ee07c-6009-43f8-b884-69238b40659e,2912107.0,James Gonzalez,5
6fdeda46-9d42-4591-a065-6d21c4986a89,1778526.0,John Horne,4
6fdeda46-9d42-4591-a065-6d21c4986a89,144199803.0,John Horne,4
6fdeda46-9d42-4591-a065-6d21c4986a89,47080317.0,John Horne,4
6fdeda46-9d42-4591-a065-6d21c4986a89,2161352.0,John Horne,4
3f16aef5-6b9f-4f87-baca-cbf8147e352f,1404984281.0,Jacob Fisher,5
3f16aef5-6b9f-4f87-baca-cbf8147e352f,8297290.0,Jacob Fisher,5
3f16aef5-6b9f-4f87-baca-cbf8147e352f,2345714.0,Jacob Fisher,5
3f16aef5-6b9f-4f87-baca-cbf8147e352f,2066369448.0,Jacob Fisher,5
3f16aef5-6b9f-4f87-baca-cbf8147e352f,3456687.0,Jacob Fisher,5
7dda5bd1-752f-45e5-bc7b-09633096916e,2834950.0,Anna Pham,5
7dda5bd1-752f-45e5-bc7b-09633096916e,145017151.0,Anna Pham,5
7dda5bd1-752f-45e5-bc7b-09633096916e,2584015.0,Anna Pham,5
7dda5bd1-752f-45e5-bc7b-09633096916e,1804315.0,Anna Pham,5
7dda5bd1-752f-45e5-bc7b-09633096916e,2077377422.0,Anna Pham,5
9d1e9467-890b-44c6-92c4-5d604973af84,1797488.0,Brittany Franklin,4
9d1e9467-890b-44c6-92c4-5d604973af84,2117163698.0,Brittany Franklin,4
9d1e9467-890b-44c6-92c4-5d604973af84,1940065.0,Brittany Franklin,4
9d1e9467-890b-44c6-92c4-5d604973af84,4008126.0,Brittany Franklin,4
da96c220-cd39-4894-bae6-d2d77c8e7aa9,39571582.0,Cassandra Chen,4
da96c220-cd39-4894-bae6-d2d77c8e7aa9,14677344.0,Cassandra Chen,4
da96c220-cd39-4894-bae6-d2d77c8e7aa9,46699896.0,Cassandra Chen,4
da96c220-cd39-4894-bae6-d2d77c8e7aa9,3933012.0,Cassandra Chen,4
09246bed-4d95-4656-9c5b-5ce1b3074cb3,147015068.0,John Brown,4
09246bed-4d95-4656-9c5b-5ce1b3074cb3,143865612.0,John Brown,4
09246bed-4d95-4656-9c5b-5ce1b3074cb3,40527594.0,John Brown,4
09246bed-4d95-4656-9c5b-5ce1b3074cb3,28084517.0,John Brown,4
6cc36eeb-d056-42c4-a306-7bcb239cc442,2119077928.0,Brady Dixon,3
6cc36eeb-d056-42c4-a306-7bcb239cc442,2117189654.0,Brady Dixon,3
6cc36eeb-d056-42c4-a306-7bcb239cc442,144664874.0,Brady Dixon,3
8dcbaea5-3cdb-48b3-9f93-45c12ca1bb91,2911201.0,Becky Delgado,4
8dcbaea5-3cdb-48b3-9f93-45c12ca1bb91,2051804565.0,Becky Delgado,4
8dcbaea5-3cdb-48b3-9f93-45c12ca1bb91,2117163698.0,Becky Delgado,4
8dcbaea5-3cdb-48b3-9f93-45c12ca1bb91,2078394.0,Becky Delgado,4
